identifier,player,full_name,format,span_bat,mat_bat,inns_bat,no,runs_bat,hs,ave_bat,bf,sr_bat,100,50,ducks,4s,6s,span_bowl,mat_bowl,inns_bowl,balls,runs_bowl,wkts,bbi,ave_bowl,econ,sr_bowl,4,5,bbm,10,overs,mdns,total_contribution,ar_rating
4ec07775,RN ten Doeschate,Ryan ten Doeschate,ODI,2006-2011,33,32,9,1541,119,67,1757,87.7,5,9,1,0,0,2006-2011,33,33,1580,1327,55,Apr-31,24.12,5.03,28.7,3,0,0,0,0,0,2641,42.88
436c763a,B McMullen,Brandon McMullen,ODI,2022-2025,37,33,4,1202,151,41.44,1365,88.05,4,4,1,0,0,2022-2025,37,33,1607,1216,55,May-34,22.1,4.54,29.2,1,1,0,0,0,0,2302,19.34
8f6dd463,Azmatullah Omarzai,Azmatullah Omarzai,ODI,2021-2025,42,34,9,1093,149*,43.72,1122,97.41,1,8,3,0,0,2021-2025,42,41,1341,1199,44,May-58,27.25,5.36,30.4,2,1,0,0,0,0,1973,16.47
d027ba9f,KS Williamson,Kane Williamson,ODI,2010-2025,175,167,18,7256,148,48.69,8893,81.59,15,47,6,0,0,2010-2025,175,65,1467,1310,37,Apr-22,35.4,5.35,39.6,1,0,0,0,0,0,7996,13.29
95a5e066,MG Erasmus,Gerhard Erasmus,ODI,2019-2025,63,62,5,2178,125,38.21,2809,77.53,2,17,4,0,0,2019-2025,63,49,1769,1332,53,May-28,25.13,4.51,33.3,1,2,0,0,0,0,3238,13.08
86dc8f2e,JH Kallis,Jacques Kallis,ODI,1996-2014,328,314,53,11579,139,44.36,15885,72.89,17,86,17,0,0,1996-2014,328,283,10750,8680,273,May-30,31.79,4.84,39.3,2,2,0,0,0,0,17039,12.57
53fe6ee4,DS Lehmann,Darren Lehmann,ODI,1996-2005,117,101,22,3078,119,38.96,3784,81.34,4,17,4,0,0,1996-2005,117,62,1793,1445,52,04-Jul,27.78,4.83,34.4,1,0,0,0,0,0,4118,11.18
2bedc57e,IVA Richards,Vivian Richards,ODI,1975-1991,187,167,24,6721,189*,47,7451,90.2,11,45,7,0,0,1975-1991,187,131,5644,4228,118,Jun-41,35.83,4.49,47.8,1,2,0,0,0,0,9081,11.17
c0790f82,L Klusener,Lance Klusener,ODI,1996-2004,171,137,50,3576,103*,41.1,3977,89.91,2,19,13,0,0,1996-2004,171,164,7336,5751,192,Jun-49,29.95,4.7,38.2,1,6,0,0,0,0,7416,11.15
a8875fc5,GS Chappell,Greg Chappell,ODI,1971-1983,74,72,14,2331,138*,40.18,3079,75.7,3,14,7,0,0,1971-1983,74,67,3108,2097,72,May-15,29.12,4.04,43.1,0,2,0,0,0,0,3771,11.06
4329fbb5,SR Watson,Shane Watson,ODI,2002-2015,190,169,27,5757,185*,40.54,6365,90.44,9,33,12,0,0,2002-2015,190,163,6466,5342,168,Apr-36,31.79,4.95,38.4,3,0,0,0,0,0,9117,8.75
7dc35884,Shakib Al Hasan,Shakib Al Hasan,ODI,2006-2023,247,234,31,7570,134*,37.29,9138,82.84,9,56,12,0,0,2006-2023,247,241,12575,9360,317,May-29,29.52,4.46,39.6,10,4,0,0,0,0,13910,7.77
896d78ad,AD Mathews,Angelo Mathews,ODI,2008-2023,226,195,48,5916,139*,40.24,7136,82.9,3,40,17,0,0,2008-2023,226,163,5324,4110,126,Jun-20,32.61,4.63,42.2,2,1,0,0,0,0,8436,7.63
ddc0828d,A Flintoff,Andrew Flintoff,ODI,1999-2009,141,122,16,3394,123,32.01,3821,88.82,3,18,9,0,0,1999-2009,141,119,5624,4121,169,May-19,24.38,4.39,33.2,6,2,0,0,0,0,6774,7.63
f842c2cf,MJ Clarke,Michael Clarke,ODI,2003-2015,245,223,44,7981,130,44.58,10104,78.98,8,58,10,0,0,2003-2015,245,106,2585,2146,57,May-35,37.64,4.98,45.3,1,1,0,0,0,0,9121,6.94
158066a2,Imran Khan,Imran Khan,ODI,1974-1992,175,151,40,3709,102*,33.41,5105,72.65,1,19,6,0,0,1974-1992,175,153,7461,4844,182,Jun-14,26.61,3.89,40.9,3,1,0,0,0,0,7349,6.8
bb134e5c,JJ Smit,JJ Smit,ODI,2019-2025,52,48,7,1071,94,26.12,1384,77.38,0,3,4,0,0,2019-2025,52,38,1657,1185,56,May-26,21.16,4.29,29.5,2,2,0,0,0,0,2191,4.96
bac437e4,ME Waugh,Mark Waugh,ODI,1988-2002,244,236,20,8500,173,39.35,11053,76.9,18,50,16,0,0,1988-2002,244,120,3687,2938,85,May-24,34.56,4.78,43.3,1,1,0,0,0,0,10200,4.79
bde620dc,WJ Cronje,Hansie Cronje,ODI,1992-2000,188,175,31,5565,112,38.64,7277,76.47,2,39,8,0,0,1992-2000,188,153,5357,3966,114,May-32,34.78,4.44,46.9,1,1,0,0,0,0,7845,3.86
c03449e0,GD Elliott,Grant Elliott,ODI,2008-2016,83,69,11,1976,115,34.06,2416,81.78,2,11,6,0,0,2008-2016,83,56,1302,1179,39,Apr-31,30.23,5.43,33.3,1,0,0,0,0,0,2756,3.83
808f425a,JP Faulkner,James Faulkner,ODI,2013-2017,69,52,22,1032,116,34.4,990,104.24,1,4,4,0,0,2013-2017,69,67,3211,2962,96,Apr-32,30.85,5.53,33.4,4,0,0,0,0,0,2952,3.55
b822385b,HA Gomes,Heron Gomes,ODI,1978-1987,83,64,15,1415,101,28.87,2578,54.88,1,6,5,0,0,1978-1987,83,36,1345,1045,41,Apr-31,25.48,4.66,32.8,2,0,0,0,0,0,2235,3.39
34464143,Zeeshan Maqsood,Zeeshan Maqsood,ODI,2019-2024,48,47,5,1273,109,30.3,1891,67.31,2,7,2,0,0,2019-2024,48,46,2219,1575,58,Apr-15,27.15,4.25,38.2,4,0,0,0,0,0,2433,3.15
8abdf100,CJ Anderson,Corey Anderson,ODI,2013-2017,49,45,5,1109,131*,27.72,1020,108.72,1,4,4,0,0,2013-2017,49,43,1485,1502,60,May-63,25.03,6.06,24.7,2,1,0,0,0,0,2309,2.69
725529bc,SC Ganguly,Sourav Ganguly,ODI,1992-2007,311,300,23,11363,183,41.02,15416,73.7,22,72,16,0,0,1992-2007,311,171,4561,3849,100,May-16,38.49,5.06,45.6,1,2,0,0,0,0,13363,2.53
bd77eb62,A Symonds,Andrew Symonds,ODI,1998-2009,198,161,33,5088,156,39.75,5504,92.44,6,30,15,0,0,1998-2009,198,158,5935,4955,133,May-18,37.25,5,44.6,2,1,0,0,0,0,7748,2.5
db584dad,CH Gayle,Chris Gayle,ODI,1999-2019,301,294,17,10480,215,37.83,12019,87.19,25,54,25,0,0,1999-2019,301,199,7424,5926,167,May-46,35.48,4.78,44.4,3,1,0,0,0,0,13820,2.35
9a17b338,AR Border,Allan Border,ODI,1979-1994,273,252,39,6524,127*,30.62,9134,71.42,3,39,11,0,0,1979-1994,273,87,2661,2071,73,Mar-20,28.36,4.66,36.4,0,0,0,0,0,0,7984,2.26
adbf0400,Basil Hameed,Basil Hameed,ODI,2019-2024,48,45,2,1051,71,24.44,1423,73.85,0,5,3,0,0,2019-2024,48,40,1378,957,43,May-17,22.25,4.16,32,2,1,0,0,0,0,1911,2.19
72e60730,A Vala,Assad Vala,ODI,2014-2023,66,66,1,2003,104,30.81,2892,69.26,1,12,5,0,0,2014-2023,66,61,2388,1579,55,Mar-17,28.7,3.96,43.4,0,0,0,0,0,0,3103,2.11
88fccd6c,SM Pollock,Shaun Pollock,ODI,1996-2008,303,205,72,3519,130,26.45,4059,86.69,1,14,20,0,0,1996-2008,303,297,15712,9631,393,Jun-35,24.5,3.67,39.9,12,5,0,0,0,0,11379,1.95
3d8feaf8,MR Marsh,Mitchell Marsh,ODI,2011-2025,99,95,12,3098,177*,37.32,3276,94.56,4,20,7,0,0,2011-2025,99,70,2213,2036,57,May-33,35.71,5.52,38.8,1,1,0,0,0,0,4238,1.61
e38bce7a,MG Bracewell,Michael Bracewell,ODI,2022-2026,43,37,11,956,140,36.76,874,109.38,2,3,1,0,0,2022-2026,43,38,1680,1375,38,Apr-26,36.18,4.91,44.2,2,0,0,0,0,0,1716,0.58
d2c2b2d5,SR Tendulkar,Sachin Tendulkar,ODI,1989-2012,463,452,41,18426,200*,44.83,21368,86.23,49,96,20,0,0,1989-2012,463,270,8054,6850,154,May-32,44.48,5.1,52.2,4,2,0,0,0,0,21506,0.35
0cfbdd73,Sir RJ Hadlee,Richard Hadlee,ODI,1973-1990,115,98,17,1751,79,21.61,2319,75.5,0,4,4,0,0,1973-1990,115,112,6182,3407,158,May-25,21.56,3.3,39.1,1,5,0,0,0,0,4911,0.05
58aa6ab1,Saleem Malik,Saleem Malik,ODI,1982-1999,283,256,38,7170,102,32.88,9383,76.41,5,47,19,0,0,1982-1999,283,120,3505,2959,89,May-35,33.24,5.06,39.3,1,1,0,0,0,0,8950,-0.36
5f547c8b,Rashid Khan,Rashid Khan,ODI,2015-2025,117,89,16,1393,60*,19.08,1328,104.89,0,5,8,0,0,2015-2025,117,109,5888,4127,210,Jul-18,19.65,4.2,28,6,6,0,0,0,0,5593,-0.57
61dab16a,CL Hooper,Carl Hooper,ODI,1987-2003,227,206,43,5761,113*,35.34,7517,76.63,7,29,7,0,0,1987-2003,227,203,9573,6958,193,Apr-34,36.05,4.36,49.6,3,0,0,0,0,0,9621,-0.71
7e443b44,PW Hasaranga,Wanindu Hasaranga,ODI,2017-2026,69,57,9,1135,80*,23.64,1035,109.66,0,5,3,0,0,2017-2026,69,68,3245,2764,112,Jul-19,24.67,5.11,28.9,5,4,0,0,0,0,3375,-1.03
e087956b,BA Stokes,Ben Stokes,ODI,2011-2023,114,99,15,3463,182,41.22,3619,95.68,5,24,7,0,0,2011-2023,114,88,3110,3137,74,May-61,42.39,6.05,42,1,1,0,0,0,0,4943,-1.17
0,Asghar Afghan,Asghar Afghan,ODI,2009-2021,114,108,10,2424,101,24.73,3630,66.77,1,12,7,0,0,1995-2001,45,43,1706,1245,48,May-33,25.93,4.37,35.5,1,1,0,0,0,0,3384,-1.2
48c0c3be,KLT Arthurton,Keith Arthurton,ODI,1988-1999,105,93,20,1904,84,26.08,2822,67.46,0,9,12,0,0,1988-1999,105,44,1384,1159,42,Apr-31,27.59,5.02,32.9,3,0,0,0,0,0,2744,-1.51
37f501d7,HH Streak,Heath Streak,ODI,1993-2005,189,159,55,2943,79*,28.29,4008,73.42,0,13,6,0,0,1993-2005,189,185,9468,7129,239,May-32,29.82,4.51,39.6,7,1,0,0,0,0,7723,-1.53
9cb8d7a6,Imad Wasim,Imad Wasim,ODI,2015-2020,55,40,17,986,63*,42.86,894,110.29,0,5,1,0,0,2015-2020,55,53,2403,1957,44,May-14,44.47,4.88,54.6,0,1,0,0,0,0,1866,-1.61
622dee94,SR Waugh,Steve Waugh,ODI,1986-2002,325,288,58,7569,120*,32.9,9971,75.91,3,45,15,0,0,1986-2002,325,207,8883,6761,195,Apr-33,34.67,4.56,45.5,3,0,0,0,0,0,11469,-1.77
390ff45b,Abdul Razzaq,Abdul Razzaq,ODI,1996-2011,265,228,57,5080,112,29.7,6252,81.25,3,23,14,0,0,1996-2011,265,254,10941,8564,269,Jun-35,31.83,4.69,40.6,8,3,0,0,0,0,10460,-2.13
1c914163,Yuvraj Singh,Yuvraj Singh,ODI,2000-2017,304,278,40,8701,150,36.55,9924,87.67,14,52,18,0,0,2000-2017,304,161,5048,4294,111,May-31,38.68,5.1,45.4,2,1,0,0,0,0,10921,-2.13
dbe50b21,HH Pandya,Hardik Pandya,ODI,2016-2025,94,68,10,1904,92*,32.82,1717,110.89,0,11,4,0,0,2016-2025,94,88,3460,3231,91,Apr-24,35.5,5.6,38,1,0,0,0,0,0,3724,-2.68
57efa3be,SB Styris,Scott Styris,ODI,1999-2011,188,161,23,4483,141,32.48,5645,79.41,4,28,9,0,0,1999-2011,188,161,6114,4839,137,Jun-25,35.32,4.74,44.6,4,1,0,0,0,0,7223,-2.84
243431b5,KJ O'Brien,Kevin O'Brien,ODI,2006-2021,153,141,18,3619,142,29.42,4076,88.78,2,18,6,0,0,2006-2021,153,116,4296,3726,114,Apr-13,32.68,5.2,37.6,5,0,0,0,0,0,5899,-3.26
a386e91b,PD Collingwood,Paul Collingwood,ODI,2001-2011,197,181,37,5092,120*,35.36,6614,76.98,5,26,7,0,0,2001-2011,197,151,5186,4294,111,Jun-31,38.68,4.96,46.7,3,1,0,0,0,0,7312,-3.32
0b130202,CL Cairns,Chris Cairns,ODI,1991-2006,215,193,25,4950,115,29.46,5874,84.26,4,26,9,0,0,1991-2006,215,186,8168,6594,201,May-42,32.8,4.84,40.6,3,1,0,0,0,0,8970,-3.34
0e2a826b,SP O'Donnell,Simon O'Donnell,ODI,1985-1991,87,64,15,1242,74*,25.34,1534,80.96,0,9,5,0,0,1985-1991,87,87,4350,3102,108,May-13,28.72,4.27,40.2,5,1,0,0,0,0,3402,-3.38
99639abf,NJ Astle,Nathan Astle,ODI,1995-2007,223,217,14,7090,145*,34.92,9760,72.64,16,41,19,0,0,1995-2007,223,159,4850,3809,99,Apr-43,38.47,4.71,48.9,1,0,0,0,0,0,9070,-3.55
43ba7dcf,N Kapil Dev,Kapil Dev,ODI,1978-1994,225,198,39,3783,175*,23.79,3979,95.07,1,14,13,0,0,1978-1994,225,221,11202,6945,253,May-43,27.45,3.71,44.2,3,1,0,0,0,0,8843,-3.66
87e562a9,DJ Bravo,Dwayne Bravo,ODI,2004-2014,164,141,24,2968,112*,25.36,3606,82.3,2,10,11,0,0,2004-2014,164,150,6511,5874,199,Jun-43,29.51,5.41,32.7,6,1,0,0,0,0,6948,-4.15
92cf79a8,SR Taylor,Brendan Taylor,ODI,2019-2024,49,49,0,1265,114,25.81,1606,78.76,1,7,8,0,0,2019-2024,49,44,1598,1201,40,Apr-23,30.02,4.5,39.9,1,0,0,0,0,0,2065,-4.21
fe93fd9d,RA Jadeja,Ravindra Jadeja,ODI,2009-2026,210,142,52,2905,87,32.27,3396,85.54,0,13,6,0,0,2009-2026,210,202,10404,8478,232,May-33,36.54,4.88,44.8,7,2,0,0,0,0,7545,-4.27
f233bbb4,ST Jayasuriya,Sanath Jayasuriya,ODI,1989-2011,445,433,18,13430,189,32.36,14725,91.2,28,68,34,0,0,1989-2011,445,368,14874,11871,323,Jun-29,36.75,4.78,46,8,4,0,0,0,0,19890,-4.39
34ff9e07,PA de Silva,Aravinda de Silva,ODI,1984-2003,308,296,30,9284,145,34.9,11443,81.13,11,64,17,0,0,1984-2003,308,156,5148,4177,106,Apr-30,39.4,4.86,48.5,2,0,0,0,0,0,11404,-4.5
bbd41817,AD Russell,Andre Russell,ODI,2011-2019,56,47,9,1034,92*,27.21,794,130.22,0,4,6,0,0,2011-2019,56,55,2290,2229,70,Apr-35,31.84,5.84,32.7,5,0,0,0,0,0,2434,-4.63
64c34cd0,Shoaib Malik,Shoaib Malik,ODI,1999-2019,287,258,40,7534,143,34.55,9199,81.9,9,44,15,0,0,1999-2019,287,217,7958,6192,158,Apr-19,39.18,4.66,50.3,1,0,0,0,0,0,10694,-4.63
14a3d50e,M Prabhakar,Manoj Prabhakar,ODI,1984-1996,130,98,21,1858,106,24.12,3083,60.26,2,11,8,0,0,1984-1996,130,127,6360,4534,157,May-33,28.87,4.27,40.5,4,2,0,0,0,0,4998,-4.75
fc4375ef,BFW de Leede,Bas de Leede,ODI,2018-2025,54,50,5,1239,123,27.53,1789,69.25,1,6,5,0,0,2018-2025,54,41,1473,1458,45,May-52,32.4,5.93,32.7,1,1,0,0,0,0,2139,-4.87
62af8546,Mohammad Nabi,Mohammad Nabi,ODI,2009-2025,176,154,18,3762,136,27.66,4271,88.08,2,18,6,0,0,2009-2025,176,165,7996,5733,176,May-17,32.57,4.3,45.4,4,1,0,0,0,0,7282,-4.91
3eac9d95,JDP Oram,Jacob Oram,ODI,2001-2012,160,116,15,2434,101*,24.09,2810,86.61,1,13,8,0,0,2001-2012,160,154,6911,5047,173,May-26,29.17,4.38,39.9,3,2,0,0,0,0,5894,-5.08
8ba8195d,V Sehwag,Virender Sehwag,ODI,1999-2013,251,245,9,8273,219,35.05,7929,104.33,15,38,14,0,0,1999-2013,251,146,4392,3853,96,04-Jun,40.13,5.26,45.7,1,0,0,0,0,0,10193,-5.08
00d69fa4,SO Tikolo,Steve Tikolo,ODI,1996-2014,135,130,12,3428,111,29.05,4524,75.77,3,24,13,0,0,1996-2014,135,99,4016,3215,94,Apr-41,34.2,4.8,42.7,2,0,0,0,0,0,5308,-5.15
b49c21e2,IT Botham,Ian Botham,ODI,1976-1992,116,106,15,2113,79,23.21,2671,79.1,0,9,6,0,0,1976-1992,116,115,6271,4139,145,Apr-31,28.54,3.96,43.2,3,0,0,0,0,0,5013,-5.33
dd09ff8e,B Lee,Brett Lee,ODI,2000-2012,221,110,44,1176,59,17.81,1407,83.58,0,3,16,0,0,2000-2012,221,217,11185,8877,380,May-22,23.36,4.76,29.4,14,9,0,0,0,0,8776,-5.55
6ee24e1f,Mudassar Nazar,Mudassar Nazar,ODI,1977-1989,122,115,10,2653,95,25.26,5130,51.71,0,16,6,0,0,1977-1989,122,104,4855,3432,111,May-28,30.91,4.24,43.7,1,1,0,0,0,0,4873,-5.65
62e203d4,Junaid Siddique,Junaid Siddique,ODI,2007-2011,54,53,1,1196,100,23,1753,68.22,1,6,6,0,0,2019-2025,63,62,2925,2466,86,Apr-23,28.67,5.05,34,1,0,0,0,0,0,2916,-5.67
604aaac0,PV Simmons,Phil Simmons,ODI,1987-1999,143,138,11,3675,122,28.93,5407,67.96,5,18,14,0,0,1987-1999,143,103,3880,2876,83,04-Mar,34.65,4.44,46.7,2,0,0,0,0,0,5335,-5.72
28131839,MA Leask,Michael Leask,ODI,2014-2025,91,72,14,1547,107*,26.67,1368,113.08,1,8,5,0,0,2014-2025,91,79,2754,2301,71,Apr-24,32.4,5.01,38.7,3,0,0,0,0,0,2967,-5.73
5bdcdb72,TM Dilshan,Tillakaratne Dilshan,ODI,1999-2016,330,303,41,10290,161*,39.27,11933,86.23,22,47,11,0,0,1999-2016,330,204,5880,4778,106,04-Apr,45.07,4.87,55.4,3,0,0,0,0,0,12410,-5.8
9ab63e7b,Mohammad Hafeez,Mohammad Hafeez,ODI,2003-2019,218,216,15,6614,140*,32.9,8633,76.61,11,38,19,0,0,2003-2019,218,177,7733,5400,139,Apr-41,38.84,4.18,55.6,1,0,0,0,0,0,9394,-5.94
4c5d73db,CR Woakes,Chris Woakes,ODI,2011-2023,122,88,24,1524,95*,23.81,1710,89.12,0,6,8,0,0,2011-2023,122,118,5737,5193,173,Jun-45,30.01,5.43,33.1,11,3,0,0,0,0,4984,-6.2
b0f82ffa,JC Adams,Jimmy Adams,ODI,1992-2001,127,105,28,2204,82,28.62,3614,60.98,0,14,7,0,0,1992-2001,127,56,1856,1499,43,May-37,34.86,4.84,43.1,0,1,0,0,0,0,3064,-6.24
5fa06777,IK Pathan,Irfan Pathan,ODI,2004-2012,120,87,21,1544,83,23.39,1941,79.54,0,5,7,0,0,2004-2012,120,118,5855,5142,173,May-27,29.72,5.26,33.8,5,2,0,0,0,0,5004,-6.33
2c13defe,TM Odoyo,Thomas Odoyo,ODI,1996-2014,136,119,16,2420,111*,23.49,3438,70.38,1,8,13,0,0,1996-2014,136,129,5649,4335,145,Apr-25,29.89,4.6,38.9,5,0,0,0,0,0,5320,-6.4
26d041c4,Sikandar Raza,Sikandar Raza,ODI,2013-2025,153,144,23,4476,141,36.99,5186,86.3,7,24,3,0,0,2013-2025,153,122,5078,4103,94,Apr-55,43.64,4.84,54,1,0,0,0,0,0,6356,-6.65
f5390243,CD McMillan,Craig McMillan,ODI,1997-2007,197,183,16,4707,117,28.18,6198,75.94,3,28,9,0,0,1997-2007,197,74,1879,1717,49,Mar-20,35.04,5.48,38.3,0,0,0,0,0,0,5687,-6.86
69c90b3e,RJ Shastri,Ravi Shastri,ODI,1981-1992,150,128,21,3108,109,29.04,5089,61.07,4,18,5,0,0,1981-1992,150,136,6613,4650,129,May-15,36.04,4.21,51.2,2,1,0,0,0,0,5688,-7
126e56a1,Wasim Akram,Wasim Akram,ODI,1984-2003,356,280,55,3717,86,16.52,4208,88.33,0,6,28,0,0,1984-2003,356,351,18186,11812,502,May-15,23.52,3.89,36.2,17,6,0,0,0,0,13757,-7
bc475506,JV Coney,Jeremy Coney,ODI,1979-1987,88,80,19,1874,66*,30.72,2885,64.95,0,8,1,0,0,1979-1987,88,70,2931,2039,54,Apr-46,37.75,4.17,54.2,1,0,0,0,0,0,2954,-7.03
348195ea,GW Flower,Grant Flower,ODI,1992-2010,221,214,18,6571,142*,33.52,9723,67.58,6,40,18,0,0,1992-2010,221,156,5462,4225,104,Apr-32,40.62,4.64,52.5,2,0,0,0,0,0,8651,-7.1
cf494ffe,PR Stirling,Paul Stirling,ODI,2008-2025,170,162,3,6005,177,37.76,6864,87.48,14,32,13,0,0,2008-2025,170,76,2441,1942,43,Jun-55,45.16,4.77,56.7,1,1,0,0,0,0,6865,-7.4
7ca5e05d,RS Bopara,Ravi Bopara,ODI,2007-2015,120,109,21,2695,101*,30.62,3462,77.84,1,14,4,0,0,2007-2015,120,74,1860,1523,40,Apr-38,38.07,4.91,46.5,1,0,0,0,0,0,3495,-7.45
9219eff0,JDS Neesham,Jimmy Neesham,ODI,2013-2023,76,65,12,1495,97*,28.2,1496,99.93,0,7,3,0,0,2013-2023,76,72,2448,2556,71,May-27,36,6.26,34.4,2,2,0,0,0,0,2915,-7.8
cccdde80,RP Arnold,Russel Arnold,ODI,1997-2007,180,155,43,3950,103,35.26,5443,72.57,1,28,7,0,0,1997-2007,180,84,2157,1739,40,Mar-47,43.47,4.83,53.9,0,0,0,0,0,0,4750,-8.21
98920db3,Samiullah Shinwari,Samiullah Shinwari,ODI,2009-2019,84,74,12,1811,96,29.2,2765,65.49,0,11,1,0,0,2009-2019,84,65,2111,1729,46,Apr-31,37.58,4.91,45.8,1,0,0,0,0,0,2731,-8.38
582e9baa,CZ Harris,Chris Harris,ODI,1990-2004,250,213,62,4379,130,29,6583,66.51,1,16,12,0,0,1990-2004,250,232,10667,7613,203,May-42,37.5,4.28,52.5,2,1,0,0,0,0,8439,-8.5
ab89348d,MF Maharoof,Farveez Maharoof,ODI,2004-2016,109,75,18,1113,69*,19.52,1294,86.01,0,2,3,0,0,2004-2016,109,105,4640,3789,135,Jun-14,28.06,4.89,34.3,4,2,0,0,0,0,3813,-8.54
e4a0deae,MJ Santner,Mitchell Santner,ODI,2015-2025,124,92,33,1580,67,26.77,1689,93.54,0,3,3,0,0,2015-2025,124,118,5875,4717,133,May-50,35.46,4.81,44.1,0,2,0,0,0,0,4240,-8.69
2e8994e7,JP Duminy,Jean Paul Duminy,ODI,2004-2019,199,179,40,5117,150*,36.81,6052,84.55,4,27,7,0,0,2004-2019,199,135,3513,3143,69,Apr-16,45.55,5.36,50.9,1,0,0,0,0,0,6497,-8.74
6a0537aa,N Boje,Nicky Boje,ODI,1995-2005,115,71,18,1414,129,26.67,1594,88.7,2,4,2,0,0,1995-2005,115,108,4541,3415,96,May-21,35.57,4.51,47.3,2,1,0,0,0,0,3334,-8.9
f5180fe6,MG Johnson,Mitchell Johnson,ODI,2005-2015,153,91,32,951,73*,16.11,987,96.35,0,2,6,0,0,2005-2015,153,150,7489,6038,239,Jun-31,25.26,4.83,31.3,9,3,0,0,0,0,5731,-9.15
bf1d7d3e,Mahmudullah,Mahmudullah Riyad,ODI,2007-2025,239,209,53,5689,128*,36.46,7327,77.64,4,32,10,0,0,2007-2025,239,153,4380,3809,82,03-Apr,46.45,5.21,53.4,0,0,0,0,0,0,7329,-9.99
afe57f7a,SC Williams,Sean Williams,ODI,2005-2025,164,159,20,5217,174,37.53,6000,86.95,8,37,9,0,0,2005-2025,164,133,5014,4097,86,Apr-43,47.63,4.9,58.3,1,0,0,0,0,0,6937,-10.1
2.50E+166,JR Hopes,James Hopes,ODI,2005-2010,84,61,8,1326,63*,25.01,1415,93.71,0,3,1,0,0,2005-2010,84,75,3157,2384,67,May-14,35.58,4.53,47.1,0,1,0,0,0,0,2666,-10.57
aae9ce90,JF Mooney,John Mooney,ODI,2006-2015,64,55,14,963,96,23.48,1215,79.25,0,3,6,0,0,2006-2015,64,50,1797,1635,48,Apr-27,34.06,5.45,37.4,2,0,0,0,0,0,1923,-10.58
7789765b,PA Strang,Paul Strang,ODI,1994-2001,95,73,24,1090,47,22.24,1651,66.02,0,0,5,0,0,1994-2001,95,89,4351,3173,96,May-21,33.05,4.37,45.3,2,2,0,0,0,0,3010,-10.81
0dc00542,Shahid Afridi,Shahid Afridi,ODI,1996-2015,398,369,27,8064,124,23.57,6892,117,6,39,30,0,0,1996-2015,398,372,17670,13632,395,07-Dec,34.51,4.62,44.7,4,9,0,0,0,0,15964,-10.94
7fb32e5b,KD Mills,Kyle Mills,ODI,2001-2015,170,101,34,1047,54,15.62,1282,81.66,0,2,8,0,0,2001-2015,170,169,8230,6485,240,May-25,27.02,4.72,34.2,8,1,0,0,0,0,5847,-11.4
f49079b8,Aamer Sohail,Aamer Sohail,ODI,1990-2000,156,155,5,4780,134,31.86,7297,65.5,5,31,10,0,0,1990-2000,156,125,4836,3703,85,Apr-22,43.56,4.59,56.8,1,0,0,0,0,0,6480,-11.7
0af655cd,A Ranatunga,Arjuna Ranatunga,ODI,1982-1999,269,255,47,7456,131*,35.84,9571,77.9,4,49,18,0,0,1982-1999,269,135,4710,3757,79,Apr-14,47.55,4.78,59.6,1,0,0,0,0,0,9036,-11.71
d1988788,Rohan Mustafa,Rohan Mustafa,ODI,2014-2023,81,75,5,1504,109,21.48,2366,63.56,1,7,8,0,0,2014-2023,81,80,3787,2831,85,May-25,33.3,4.48,44.5,1,1,0,0,0,0,3204,-11.82
c58b0108,Mehidy Hasan Miraz,Mehidy Hasan Miraz,ODI,2017-2025,114,85,12,1790,112*,24.52,2347,76.26,2,7,5,0,0,2017-2025,114,111,5558,4423,121,Apr-25,36.55,4.77,45.9,5,0,0,0,0,0,4210,-12.03
43fdb946,MD Marshall,Malcolm Marshall,ODI,1980-1992,136,83,19,955,66,14.92,1246,76.64,0,2,5,0,0,1980-1992,136,134,7175,4233,157,Apr-18,26.96,3.53,45.7,6,0,0,0,0,0,4095,-12.04
0f721006,JO Holder,Jason Holder,ODI,2013-2023,138,114,24,2237,99*,24.85,2479,90.23,0,12,11,0,0,2013-2023,138,134,6402,5878,159,May-27,36.96,5.5,40.2,5,2,0,0,0,0,5417,-12.11
00266ad6,M Amarnath,Mohinder Amarnath,ODI,1975-1989,85,75,12,1924,102*,30.53,3334,57.7,2,13,2,0,0,1975-1989,85,64,2730,1971,46,03-Dec,42.84,4.33,59.3,0,0,0,0,0,0,2844,-12.31
bb18be76,SK Warne,Shane Warne,ODI,1993-2005,194,107,29,1018,55,13.05,1413,72.04,0,1,10,0,0,1993-2005,194,191,10642,7541,293,May-33,25.73,4.25,36.3,12,1,0,0,0,0,6878,-12.68
0f12f9df,NLTC Perera,Thisara Perera,ODI,2009-2021,166,133,16,2338,140,19.98,2086,112.08,1,10,11,0,0,2009-2021,166,157,5900,5740,175,Jun-44,32.8,5.83,33.7,5,4,0,0,0,0,5838,-12.82
91052c96,PW Borren,Peter Borren,ODI,2006-2014,58,50,5,1004,96,22.31,1176,85.37,0,5,5,0,0,2006-2014,58,51,1979,1620,46,Apr-32,35.21,4.91,43,1,0,0,0,0,0,1924,-12.9
fa463154,AB Agarkar,Ajit Agarkar,ODI,1998-2007,191,113,26,1269,95,14.58,1574,80.62,0,3,10,0,0,1998-2007,191,188,9484,8021,288,Jun-42,27.85,5.07,32.9,10,2,0,0,0,0,7029,-13.27
a757b0d8,KA Pollard,Kieron Pollard,ODI,2007-2022,123,113,9,2706,119,26.01,2866,94.41,3,13,15,0,0,2007-2022,123,82,2275,2161,55,Mar-27,39.29,5.69,41.3,0,0,0,0,0,0,3806,-13.28
f846de6a,MN Samuels,Marlon Samuels,ODI,2000-2018,207,196,26,5606,133*,32.97,7463,75.11,10,30,11,0,0,2000-2018,207,134,5091,4127,89,03-Dec,46.37,4.86,57.2,0,0,0,0,0,0,7386,-13.4
99cddc5e,GH Dockrell,George Dockrell,ODI,2010-2025,133,94,29,1459,91*,22.44,1791,81.46,0,6,6,0,0,2010-2025,133,110,4871,3984,111,Apr-24,35.89,4.9,43.8,4,0,0,0,0,0,3679,-13.45
b681e71e,GJ Maxwell,Glenn Maxwell,ODI,2012-2025,149,136,18,3990,201*,33.81,3149,126.7,4,23,12,0,0,2012-2025,149,119,4002,3644,77,Apr-40,47.32,5.46,51.9,4,0,0,0,0,0,5530,-13.51
d8906a73,Waqar Younis,Waqar Younis,ODI,1989-2003,262,139,45,969,37,10.3,1445,67.05,0,0,15,0,0,1989-2003,262,258,12698,9919,416,Jul-36,23.84,4.68,30.5,14,13,0,0,0,0,9289,-13.54
1747ea18,DS Airee,Dipendra Singh Airee,ODI,2018-2025,68,64,7,1241,105,21.77,1670,74.31,1,5,8,0,0,2018-2025,68,60,2210,1484,42,Mar-18,35.33,4.02,52.6,0,0,0,0,0,0,2081,-13.56
323e4c16,HDPK Dharmasena,Kumar Dharmasena,ODI,1994-2004,141,87,33,1222,69*,22.62,1879,65.03,0,4,2,0,0,1994-2004,141,134,7009,4998,138,Apr-37,36.21,4.27,50.7,1,0,0,0,0,0,3982,-13.59
75a4a91f,BL Cairns,Bruce Cairns,ODI,1974-1985,78,65,6,987,60,16.72,941,104.88,0,2,6,0,0,1974-1985,78,75,4015,2717,89,May-28,30.52,4.06,45.1,2,1,0,0,0,0,2767,-13.8
bcce309e,WPUJC Vaas,Chaminda Vaas,ODI,1994-2008,322,220,72,2025,50*,13.68,2796,72.42,0,1,25,0,0,1994-2008,322,320,15775,11014,400,Aug-19,27.53,4.18,39.4,9,4,0,0,0,0,10025,-13.85
31fbf891,H Masakadza,Hamilton Masakadza,ODI,2001-2019,209,208,4,5658,178*,27.73,7728,73.21,5,34,15,0,0,2001-2019,209,85,1844,1636,39,Mar-39,41.94,5.32,47.2,0,0,0,0,0,0,6438,-14.21
d7c6af50,DL Vettori,Daniel Vettori,ODI,1997-2015,295,187,57,2253,83,17.33,2715,82.98,0,4,23,0,0,1997-2015,295,277,14060,9674,305,05-Jul,31.71,4.12,46,8,2,0,0,0,0,8353,-14.38
249d60c9,AU Rashid,Adil Rashid,ODI,2009-2026,161,87,29,971,69,16.74,1039,93.45,0,1,8,0,0,2009-2026,161,155,8079,7571,242,May-27,31.28,5.62,33.3,10,2,0,0,0,0,5811,-14.54
434e36b1,UDU Chandana,Upul Chandana,ODI,1994-2007,147,111,17,1627,89,17.3,2229,72.99,0,5,8,0,0,1994-2007,147,136,6142,4818,151,May-61,31.9,4.7,40.6,4,1,0,0,0,0,4647,-14.6
98621383,SA Thomson,Stuart Thomson,ODI,1990-1996,56,52,10,964,83,22.95,1427,67.55,0,5,2,0,0,1990-1996,56,51,2121,1602,42,Mar-14,38.14,4.53,50.5,0,0,0,0,0,0,1804,-15.19
afe57f7a,SC Williams,Sean Williams,ODI,1994-1999,57,55,6,1586,105*,32.36,2402,66.02,1,12,6,0,0,2005-2025,164,133,5014,4097,86,Apr-43,47.63,4.9,58.3,1,0,0,0,0,0,3306,-15.27
ebc54cc4,TM Moody,Tom Moody,ODI,1987-1999,76,64,12,1211,89,23.28,1747,69.31,0,10,6,0,0,1987-1999,76,66,2797,2014,52,Mar-25,38.73,4.32,53.7,0,0,0,0,0,0,2251,-15.45
7d608e12,DM de Silva,Dhananjaya de Silva,ODI,2016-2026,93,85,10,1924,93,25.65,2469,77.92,0,10,4,0,0,2016-2026,93,78,2370,2011,48,Mar-32,41.89,5.09,49.3,0,0,0,0,0,0,2884,-16.24
9f77963a,Gulbadin Naib,Gulbadin Naib,ODI,2011-2025,89,78,11,1332,82*,19.88,1767,75.38,0,5,7,0,0,2011-2025,89,80,2883,2676,74,Jun-43,36.16,5.56,38.9,3,1,0,0,0,0,2812,-16.28
d9273ee7,MP Stoinis,Marcus Stoinis,ODI,2015-2024,71,64,8,1495,146*,26.69,1591,93.96,1,6,5,0,0,2015-2024,71,64,2071,2070,48,Mar-16,43.12,5.99,43.1,0,0,0,0,0,0,2455,-16.43
6a52f5d3,GJ Whittall,Grant Whittall,ODI,1993-2003,147,142,22,2705,83,22.54,4011,67.43,0,11,12,0,0,1993-2003,147,112,4060,3481,88,Apr-35,39.55,5.14,46.1,1,0,0,0,0,0,4465,-17.01
d2babdd5,E Chigumbura,Elton Chigumbura,ODI,2004-2018,213,198,26,4340,117,25.23,5423,80.02,2,19,17,0,0,2004-2018,213,132,4339,4274,101,Apr-28,42.31,5.91,42.9,1,0,0,0,0,0,6360,-17.08
4fbb35dd,RR Singh,Robin Singh,ODI,1989-2001,136,113,23,2336,100,25.95,3144,74.3,1,9,5,0,0,1989-2001,136,117,3734,2985,69,May-22,43.26,4.79,54.1,0,2,0,0,0,0,3716,-17.31
cf73ad76,JEC Franklin,James Franklin,ODI,2001-2013,110,80,27,1270,98*,23.96,1651,76.92,0,4,5,0,0,2001-2013,110,97,3848,3354,81,May-42,41.4,5.22,47.5,0,1,0,0,0,0,2890,-17.44
469ea22b,KMDN Kulasekara,Nuwan Kulasekara,ODI,2003-2017,184,123,37,1327,73,15.43,1629,81.46,0,4,13,0,0,2003-2017,184,181,8263,6751,199,May-22,33.92,4.9,41.5,4,1,0,0,0,0,5307,-18.49
35205dfc,DR Smith,Dwayne Smith,ODI,2004-2015,105,89,5,1560,97,18.57,1683,92.69,0,8,14,0,0,2004-2015,105,73,2726,2285,61,May-45,37.45,5.02,44.6,3,1,0,0,0,0,2780,-18.88
e186f49c,Mashrafe Mortaza,Mashrafe Mortaza,ODI,2001-2020,220,158,28,1787,51*,13.74,2041,87.55,0,1,15,0,0,2001-2020,220,220,10922,8893,270,Jun-26,32.93,4.88,40.4,7,1,0,0,0,0,7187,-19.19
3feda4fa,RL Chase,Roston Chase,ODI,2017-2025,69,54,9,1158,94,25.73,1480,78.24,0,6,6,0,0,2017-2025,69,60,2488,2042,45,Mar-30,45.37,4.92,55.2,0,0,0,0,0,0,2058,-19.64
8b5b6769,Harbhajan Singh,Harbhajan Singh,ODI,1998-2015,236,128,35,1237,49,13.3,1526,81.06,0,0,17,0,0,1998-2015,236,227,12479,8973,269,May-31,33.35,4.31,46.3,2,3,0,0,0,0,6617,-20.05
45477249,MO Odumbe,Maurice Odumbe,ODI,1996-2003,61,59,5,1409,83,26.09,2014,69.96,0,11,6,0,0,1996-2003,61,52,2237,1807,39,Apr-38,46.33,4.84,57.3,1,0,0,0,0,0,2189,-20.24
9a158001,Azhar Mahmood,Azhar Mahmood,ODI,1996-2007,143,110,26,1521,67,18.1,1988,76.5,0,3,9,0,0,1996-2007,143,139,6242,4813,123,Jun-18,39.13,4.62,50.7,2,3,0,0,0,0,3981,-21.03
c03c6200,DJG Sammy,Darren Sammy,ODI,2004-2015,126,105,30,1871,89,24.94,1870,100.05,0,9,4,0,0,2004-2015,126,119,4956,3851,81,Apr-26,47.54,4.66,61.1,1,0,0,0,0,0,3491,-22.6
bb351c23,MM Ali,Moeen Ali,ODI,2014-2023,138,112,15,2355,128,24.27,2399,98.16,3,6,6,0,0,2014-2023,138,128,5988,5311,111,Apr-46,47.84,5.32,53.9,2,0,0,0,0,0,4575,-23.57
7ff3fcaa,Mohammad Rafique,Mohammad Rafique,ODI,1995-2007,125,106,17,1191,77,13.38,1663,71.61,0,2,15,0,0,1995-2007,125,124,6414,4739,125,May-47,37.91,4.43,51.3,3,1,0,0,0,0,3691,-24.53
5673a3fc,NL McCullum,Nathan McCullum,ODI,2009-2015,84,62,11,1070,65,20.98,1220,87.7,0,4,3,0,0,2009-2015,84,81,3536,2956,63,Mar-24,46.92,5.01,56.1,0,0,0,0,0,0,2330,-25.94
270b3f8e,JK Kamande,James Kamande,ODI,1999-2011,86,72,11,1055,74,17.29,1685,62.61,0,3,8,0,0,1999-2011,86,71,2619,2169,48,Apr-36,45.18,4.96,54.5,1,0,0,0,0,0,2015,-27.89
0c8a1d51,Khaled Mahmud,Khaled Mahmud,ODI,1998-2006,77,72,3,991,50,14.36,1461,67.83,0,1,9,0,0,1998-2006,77,75,3385,2865,67,Apr-19,42.76,5.07,50.5,1,0,0,0,0,0,2331,-28.4
9de271ef,P Utseya,Prosper Utseya,ODI,2004-2015,164,132,48,1406,68*,16.73,2410,58.34,0,4,16,0,0,2004-2015,164,160,8571,6239,133,May-36,46.9,4.36,64.4,2,1,0,0,0,0,4066,-30.17
addbc37c,GS Sobers,Garfield Sobers,Test,1954-1974,93,160,21,8032,365*,57.78,0,0,26,30,12,0,0,1954-1974,93,159,21599,7999,235,Jun-73,34.03,2.22,91.9,0,6,Aug-80,0,0,0,12732,23.75
86dc8f2e,JH Kallis,Jacques Kallis,Test,1995-2013,166,280,40,13289,224,55.37,0,0,45,58,16,0,0,1995-2013,166,272,20232,9535,292,Jun-54,32.65,2.82,69.2,0,5,Sep-92,0,0,0,19129,22.72
f07f0249,WR Hammond,Wally Hammond,Test,1927-1947,85,140,16,7249,336*,58.45,0,0,22,24,4,0,0,1927-1947,85,110,7969,3138,83,May-36,37.8,2.36,96,0,2,Jul-87,0,0,0,8909,20.65
71ae5369,KD Walters,Keith Walters,Test,1965-1981,74,125,14,5357,250,48.26,0,0,15,33,4,0,0,1965-1981,74,72,3295,1425,49,May-66,29.08,2.59,67.2,0,1,Jul-89,0,0,0,6337,19.18
0,KC Wessels,Kepler Wessels,Test,1982-1994,40,71,3,2788,179,41,0,0,6,15,5,0,0,2021-2025,21,40,4678,2378,97,Aug-46,24.51,3.05,48.2,0,9,11/147,3,0,0,4728,16.49
158066a2,Imran Khan,Imran Khan,Test,1971-1992,88,126,25,3807,136,37.69,0,0,6,18,8,0,0,1971-1992,88,142,19458,8258,362,Aug-58,22.81,2.54,53.7,0,23,14/116,6,0,0,11047,14.88
b2e7bf8b,CG Macartney,Charlie Macartney,Test,1907-1926,35,55,4,2131,170,41.78,0,0,7,9,1,0,0,1907-1926,35,45,3561,1240,45,Jul-58,27.55,2.08,79.1,0,2,Nov-85,1,0,0,3031,14.23
1f99aeb8,GA Faulkner,George Faulkner,Test,1906-1924,25,47,4,1754,204,40.79,0,0,4,8,2,0,0,1906-1924,25,43,4227,2180,82,Jul-84,26.58,3.09,51.5,0,4,Sep-75,0,0,0,3394,14.21
22cb756c,KR Miller,Keith Miller,Test,1946-1956,55,87,7,2958,147,36.97,0,0,7,13,5,0,0,1946-1956,55,95,10461,3906,170,Jul-60,22.97,2.24,61.5,0,7,10/152,1,0,0,6358,14
622dee94,SR Waugh,Steve Waugh,Test,1985-2004,168,260,46,10927,200,51.06,0,0,32,50,22,0,0,1985-2004,168,150,7805,3445,92,May-28,37.44,2.64,84.8,0,3,8/169,0,0,0,12767,13.62
fe93fd9d,RA Jadeja,Ravindra Jadeja,Test,2012-2025,89,133,26,4095,175*,38.27,0,0,6,28,8,0,0,2012-2025,89,167,20241,8741,348,Jul-42,25.11,2.59,58.1,0,15,10/110,3,0,0,11055,13.16
a8875fc5,GS Chappell,Greg Chappell,Test,1970-1984,87,151,19,7110,247*,53.86,0,0,24,31,12,0,0,1970-1984,87,88,5327,1913,47,May-61,40.7,2.15,113.3,0,1,May-61,0,0,0,8050,13.16
c794ef74,ER Dexter,Ted Dexter,Test,1958-1968,62,102,8,4502,205,47.89,0,0,9,27,6,0,0,1958-1968,62,80,5317,2306,66,04-Oct,34.93,2.6,80.5,0,0,Jun-77,0,0,0,5822,12.96
3cd6ae37,FMM Worrell,Frank Worrell,Test,1948-1963,51,87,9,3860,261,49.48,0,0,9,22,11,0,0,1948-1963,51,82,7141,2672,69,Jul-70,38.72,2.24,103.4,0,2,Jul-70,0,0,0,5240,10.76
79ef7d54,Asif Iqbal,Asif Iqbal,Test,1964-1980,58,99,7,3575,175,38.85,0,0,11,12,9,0,0,1964-1980,58,54,3864,1502,53,May-48,28.33,2.33,72.9,0,2,Jun-75,0,0,0,4635,10.52
46091cec,Mushtaq Mohammad,Mushtaq Mohammad,Test,1959-1979,57,100,7,3643,201,39.17,0,0,10,19,4,0,0,1959-1979,57,70,5260,2309,79,May-28,29.22,2.63,66.5,0,3,9/119,0,0,0,5223,9.95
0,KC Wessels,Kepler Wessels,Test,1982-1994,40,71,3,2788,179,41,0,0,6,15,5,0,0,1978-1981,22,36,4752,2057,66,7/143,31.16,2.59,72,0,2,8/190,0,0,0,4108,9.84
88fccd6c,SM Pollock,Shaun Pollock,Test,1995-2008,108,156,39,3781,111,32.31,0,0,2,16,9,0,0,1995-2008,108,202,24353,9733,421,Jul-87,23.11,2.39,57.8,0,16,10/147,1,0,0,12201,9.2
5ad676c7,TL Goddard,Trevor Goddard,Test,1955-1970,41,78,5,2516,112,34.46,0,0,1,18,4,0,0,1955-1970,41,75,11736,3226,123,Jun-53,26.22,1.64,95.4,0,5,Aug-92,0,0,0,4976,8.24
1c329c9e,AW Greig,Tony Greig,Test,1972-1977,58,93,4,3599,148,40.43,0,0,8,20,5,0,0,1972-1977,58,93,9802,4541,141,Aug-86,32.2,2.77,69.5,0,6,13/156,2,0,0,6419,8.23
bde620dc,WJ Cronje,Hansie Cronje,Test,1992-2000,68,111,9,3714,135,36.41,0,0,6,23,11,0,0,1992-2000,68,85,3800,1288,43,Mar-14,29.95,2.03,88.3,0,0,May-34,0,0,0,4574,6.46
7dc35884,Shakib Al Hasan,Shakib Al Hasan,Test,2007-2024,71,130,8,4609,217,37.77,0,0,5,31,6,0,0,2007-2024,71,121,15675,7804,246,Jul-36,31.72,2.98,63.7,0,19,10/124,2,0,0,9529,6.05
94d7f855,C de Grandhomme,Colin de Grandhomme,Test,2016-2022,29,44,7,1432,120*,38.7,0,0,2,8,6,0,0,2016-2022,29,53,4054,1615,49,Jun-41,32.95,2.39,82.7,0,1,Jul-64,0,0,0,2412,5.75
f233bbb4,ST Jayasuriya,Sanath Jayasuriya,Test,1991-2007,110,188,14,6973,340,40.07,0,0,14,31,15,0,0,1991-2007,110,140,8188,3366,98,May-34,34.34,2.46,83.5,0,2,Sep-74,0,0,0,8933,5.73
065b0d02,BM McMillan,Brian McMillan,Test,1992-1998,38,62,12,1968,113,39.36,0,0,3,13,3,0,0,1992-1998,38,64,6048,2537,75,Apr-65,33.82,2.51,80.6,0,0,7/117,0,0,0,3468,5.54
4e286505,MA Noble,Monty Noble,Test,1898-1909,42,73,7,1997,133,30.25,0,0,1,16,4,0,0,1898-1909,42,71,7159,3025,121,Jul-17,25,2.53,59.1,0,9,13/77,2,0,0,4417,5.25
b49c21e2,IT Botham,Ian Botham,Test,1977-1992,102,161,6,5200,208,33.54,0,0,14,22,14,0,0,1977-1992,102,168,21815,10878,383,Aug-34,28.4,2.99,56.9,0,27,13/106,4,0,0,12860,5.14
d7cb51a4,WW Armstrong,Warwick Armstrong,Test,1902-1921,50,84,10,2863,159*,38.68,0,0,6,8,6,0,0,1902-1921,50,80,8022,2923,87,Jun-35,33.59,2.18,92.2,0,3,7/166,0,0,0,4603,5.09
b0708332,C Kelleway,Charlie Kelleway,Test,1910-1928,26,42,4,1422,147,37.42,0,0,3,6,1,0,0,1910-1928,26,44,4363,1683,52,May-33,32.36,2.31,83.9,0,1,Jun-56,0,0,0,2462,5.06
0cfbdd73,Sir RJ Hadlee,Richard Hadlee,Test,1973-1990,86,134,19,3124,151*,27.16,0,0,2,15,12,0,0,1973-1990,86,150,21918,9611,431,Sep-52,22.29,2.63,50.8,0,36,15/123,9,0,0,11744,4.87
970d1524,RB Simpson,Bobby Simpson,Test,1957-1978,62,111,7,4869,311,46.81,0,0,10,27,8,0,0,1957-1978,62,84,6881,3001,71,May-57,42.26,2.61,96.9,0,2,Aug-97,0,0,0,6289,4.55
0b130202,CL Cairns,Chris Cairns,Test,1989-2004,62,104,5,3320,158,33.53,0,0,5,22,7,0,0,1989-2004,62,104,11698,6410,218,Jul-27,29.4,3.28,53.6,0,13,10/100,1,0,0,7680,4.13
8b806dd0,AK Davidson,Alan Davidson,Test,1953-1963,44,61,7,1328,80,24.59,0,0,0,5,1,0,0,1953-1963,44,82,11587,3819,186,Jul-93,20.53,1.97,62.2,0,14,12/124,2,0,0,5048,4.06
e087956b,BA Stokes,Ben Stokes,Test,2013-2026,120,216,9,7216,258,34.85,0,0,14,37,17,0,0,2013-2026,120,178,13767,7655,245,Jun-22,31.24,3.33,56.1,0,6,8/161,0,0,0,12116,3.61
9ab63e7b,Mohammad Hafeez,Mohammad Hafeez,Test,2003-2018,55,105,8,3652,224,37.64,0,0,10,12,8,0,0,2003-2018,55,77,4067,1808,53,Apr-16,34.11,2.66,76.7,0,0,Apr-48,0,0,0,4712,3.53
3eac9d95,JDP Oram,Jacob Oram,Test,2002-2009,33,59,10,1780,133,36.32,0,0,5,6,4,0,0,2002-2009,33,55,4964,1983,60,Apr-41,33.05,2.39,82.7,0,0,Jun-63,0,0,0,2980,3.27
f8f73a48,W Rhodes,Wilfred Rhodes,Test,1899-1930,58,98,21,2325,179,30.19,0,0,2,11,6,0,0,1899-1930,58,90,8225,3425,127,Aug-68,26.96,2.49,64.7,0,6,15/124,1,0,0,4865,3.23
a343262c,JE Root,Joe Root,Test,2012-2026,163,298,25,13943,262,51.07,0,0,41,66,15,0,0,2012-2026,163,168,6272,3515,73,05-Aug,48.15,3.36,85.9,0,1,May-33,0,0,0,15403,2.92
ff68a870,FE Woolley,Frank Woolley,Test,1909-1934,64,98,7,3283,154,36.07,0,0,5,23,13,0,0,1909-1934,64,87,6495,2815,83,Jul-76,33.91,2.6,78.2,0,4,Oct-49,1,0,0,4943,2.16
495d42a5,R Ashwin,Ravichandran Ashwin,Test,2011-2024,106,151,15,3503,124,25.75,0,0,6,14,9,0,0,2011-2024,106,200,27246,12891,537,Jul-59,24,2.83,50.7,0,37,13/140,8,0,0,14243,1.75
cfe70281,VD Philander,Vernon Philander,Test,2011-2020,64,94,20,1779,74,24.04,0,0,0,8,8,0,0,2011-2020,64,119,11391,5000,224,Jun-21,22.32,2.63,50.8,0,13,10/102,2,0,0,6259,1.72
4329fbb5,SR Watson,Shane Watson,Test,2005-2015,59,109,3,3731,176,35.19,0,0,4,24,6,0,0,2005-2015,59,93,5495,2526,75,Jun-33,33.68,2.75,73.2,0,3,Jun-51,0,0,0,5231,1.51
43ba7dcf,N Kapil Dev,Kapil Dev,Test,1978-1994,131,184,15,5248,163,31.05,0,0,8,27,16,0,0,1978-1994,131,227,27740,12867,434,Sep-83,29.64,2.78,63.9,0,23,11/146,2,0,0,13928,1.41
0dc00542,Shahid Afridi,Shahid Afridi,Test,1998-2010,27,48,1,1716,156,36.51,0,0,5,8,6,0,0,1998-2010,27,47,3194,1709,48,May-52,35.6,3.21,66.5,0,1,May-43,0,0,0,2676,0.91
bac437e4,ME Waugh,Mark Waugh,Test,1991-2002,128,209,17,8029,153*,41.81,0,0,20,47,19,0,0,1991-2002,128,128,4853,2429,59,May-40,41.16,3,82.2,0,1,May-73,0,0,0,9209,0.65
b9877635,TE Bailey,Trevor Bailey,Test,1949-1959,61,91,14,2290,134*,29.74,0,0,1,10,7,0,0,1949-1959,61,95,9712,3856,132,Jul-34,29.21,2.38,73.5,0,5,Nov-98,1,0,0,4930,0.53
9679838c,BL D'Oliveira,Basil D'Oliveira,Test,1966-1972,44,70,8,2484,158,40.06,0,0,5,15,4,0,0,1966-1972,44,66,5706,1859,47,Mar-46,39.55,1.95,121.4,0,0,May-62,0,0,0,3424,0.51
d8bce357,Wasim Raja,Wasim Raja,Test,1973-1985,57,92,14,2821,125,36.16,0,0,4,18,8,0,0,1973-1985,57,69,4082,1826,51,Apr-50,35.8,2.68,80,0,0,Jun-86,0,0,0,3841,0.36
b84ef9f8,JR Reid,John Reid,Test,1949-1965,58,108,5,3428,142,33.28,0,0,6,22,5,0,0,1949-1965,58,72,7725,2835,85,Jun-60,33.35,2.2,90.8,0,1,Jun-60,0,0,0,5128,-0.07
6ee24e1f,Mudassar Nazar,Mudassar Nazar,Test,1976-1989,76,116,8,4114,231,38.09,0,0,10,17,7,0,0,1976-1989,76,96,5967,2532,66,Jun-32,38.36,2.54,90.4,0,1,Jun-38,0,0,0,5434,-0.27
d2c2b2d5,SR Tendulkar,Sachin Tendulkar,Test,1989-2013,200,329,33,15921,248*,53.78,0,0,51,68,14,0,0,1989-2013,200,145,4240,2492,46,03-Oct,54.17,3.52,92.1,0,0,Mar-14,0,0,0,16841,-0.39
db584dad,CH Gayle,Chris Gayle,Test,2000-2014,103,182,11,7214,333,42.18,0,0,15,37,15,0,0,2000-2014,103,104,7109,3120,73,May-34,42.73,2.63,97.3,0,2,Jun-81,0,0,0,8674,-0.55
0f721006,JO Holder,Jason Holder,Test,2014-2024,69,123,20,3073,202*,29.83,0,0,3,14,11,0,0,2014-2024,69,122,11305,4924,162,Jun-42,30.39,2.61,69.7,0,8,11/103,1,0,0,6313,-0.56
a3f4eb7d,MH Mankad,Vinoo Mankad,Test,1946-1959,44,72,5,2109,231,31.47,0,0,5,6,7,0,0,1946-1959,44,70,14686,5236,162,Aug-52,32.32,2.13,90.6,0,8,13/131,2,0,0,5349,-0.85
e6f9383f,KD Mackay,Ken Mackay,Test,1956-1963,37,52,7,1507,89,33.48,0,0,0,13,6,0,0,1956-1963,37,53,5792,1721,50,Jun-42,34.42,1.78,115.8,0,2,Jul-58,0,0,0,2507,-0.94
126e56a1,Wasim Akram,Wasim Akram,Test,1985-2002,104,147,19,2898,257*,22.64,0,0,3,7,17,0,0,1985-2002,104,181,22627,9779,414,7/119,23.62,2.59,54.6,0,25,11/110,5,0,0,11178,-0.98
ddc0828d,A Flintoff,Andrew Flintoff,Test,1998-2009,79,130,9,3845,167,31.77,0,0,5,26,17,0,0,1998-2009,79,137,14951,7410,226,May-58,32.78,2.97,66.1,0,3,8/156,0,0,0,8365,-1.01
85f2e762,RR Lindwall,Ray Lindwall,Test,1946-1960,61,84,13,1502,118,21.15,0,0,2,5,9,0,0,1946-1960,61,113,13650,5251,228,Jul-38,23.03,2.3,59.8,0,12,Sep-70,0,0,0,6062,-1.88
43fdb946,MD Marshall,Malcolm Marshall,Test,1978-1991,81,107,11,1810,92,18.85,0,0,0,10,15,0,0,1978-1991,81,151,17584,7876,376,Jul-22,20.94,2.68,46.7,0,22,Nov-89,4,0,0,9330,-2.09
7e9fba14,OG Smith,Ozzie Smith,Test,1955-1959,26,42,0,1331,168,31.69,0,0,4,6,8,0,0,1955-1959,26,37,4431,1625,48,May-90,33.85,2.2,92.3,0,1,8/184,0,0,0,2291,-2.16
8f85a32b,R Benaud,Richie Benaud,Test,1952-1964,63,97,7,2201,122,24.45,0,0,3,9,8,0,0,1952-1964,63,116,19108,6704,248,Jul-72,27.03,2.1,77,0,16,11/105,1,0,0,7161,-2.58
2b0c0cd2,RG Nadkarni,Rameshchandra Nadkarni,Test,1955-1968,41,67,12,1414,122*,25.7,0,0,1,7,6,0,0,1955-1968,41,65,9165,2559,88,Jun-43,29.07,1.67,104.1,0,4,11/122,1,0,0,3174,-3.37
72ec55b5,BE Congdon,Bevan Congdon,Test,1965-1978,61,114,7,3448,176,32.22,0,0,7,19,9,0,0,1965-1978,61,66,5620,2154,59,May-65,36.5,2.29,95.2,0,1,May-65,0,0,0,4628,-4.28
d7c6af50,DL Vettori,Daniel Vettori,Test,1997-2014,113,174,23,4531,140,30,0,0,6,23,20,0,0,1997-2014,113,187,28814,12441,362,Jul-87,34.36,2.59,79.5,0,20,12/149,3,0,0,11771,-4.36
4c5d73db,CR Woakes,Chris Woakes,Test,2013-2025,62,99,18,2034,137*,25.11,0,0,1,7,11,0,0,2013-2025,62,118,11219,5686,192,Jun-17,29.61,3.04,58.4,0,5,11/102,1,0,0,5874,-4.5
14a3d50e,M Prabhakar,Manoj Prabhakar,Test,1984-1995,39,58,9,1600,120,32.65,0,0,1,9,3,0,0,1984-1995,39,68,7475,3581,96,6/132,37.3,2.87,77.8,0,3,Jun-92,0,0,0,3520,-4.65
99639abf,NJ Astle,Nathan Astle,Test,1996-2006,81,137,10,4702,222,37.02,0,0,11,24,11,0,0,1996-2006,81,94,5688,2143,51,Mar-27,42.01,2.26,111.5,0,0,Jun-62,0,0,0,5722,-4.99
c0790f82,L Klusener,Lance Klusener,Test,1996-2004,49,69,11,1906,174,32.86,0,0,4,8,4,0,0,1996-2004,49,84,6887,3033,80,Aug-64,37.91,2.64,86,0,1,8/139,0,0,0,3506,-5.05
69c90b3e,RJ Shastri,Ravi Shastri,Test,1981-1992,80,121,14,3830,206,35.79,0,0,11,12,9,0,0,1981-1992,80,125,15751,6185,151,May-75,40.96,2.35,104.3,0,2,8/179,0,0,0,6850,-5.17
bcce309e,WPUJC Vaas,Chaminda Vaas,Test,1994-2009,111,162,35,3089,100*,24.32,0,0,1,13,12,0,0,1994-2009,111,194,23438,10501,355,Jul-71,29.58,2.68,66,0,12,14/191,2,0,0,10189,-5.26
2e8994e7,JP Duminy,Jean Paul Duminy,Test,2008-2017,46,74,10,2103,166,32.85,0,0,6,8,9,0,0,2008-2017,46,57,2703,1601,42,Apr-47,38.11,3.55,64.3,0,0,Apr-51,0,0,0,2943,-5.26
ded9240e,PJ Cummins,Pat Cummins,Test,2011-2025,72,107,13,1567,64*,16.67,0,0,0,3,13,0,0,2011-2025,72,134,14391,6946,315,Jun-23,22.05,2.89,45.6,0,14,Oct-62,2,0,0,7867,-5.38
37f501d7,HH Streak,Heath Streak,Test,1993-2005,65,107,18,1990,127*,22.35,0,0,1,11,15,0,0,1993-2005,65,102,13559,6079,216,Jun-73,28.14,2.69,62.7,0,7,Sep-72,0,0,0,6310,-5.79
3fb19989,MA Starc,Mitchell Starc,Test,2011-2026,105,154,33,2478,99,20.47,0,0,0,13,17,0,0,2011-2026,105,202,20013,11481,433,Jul-58,26.51,3.44,46.2,0,18,Nov-94,3,0,0,11138,-6.04
f5180fe6,MG Johnson,Mitchell Johnson,Test,2007-2015,73,109,16,2065,123*,22.2,0,0,1,11,19,0,0,2007-2015,73,140,16001,8891,313,Aug-61,28.4,3.33,51.1,0,12,12/127,3,0,0,8325,-6.2
bc190f65,GRJ Matthews,Grayson Matthews,Test,1983-1993,33,53,8,1849,130,41.08,0,0,4,12,2,0,0,1983-1993,33,47,6271,2942,61,5/103,48.22,2.81,102.8,0,2,10/249,1,0,0,3069,-7.14
ae78fb75,RW Barber,Roy Barber,Test,1960-1968,28,45,3,1495,185,35.59,0,0,1,9,1,0,0,1960-1968,28,42,3426,1806,42,4/132,43,3.16,81.5,0,0,6/139,0,0,0,2335,-7.41
221ad9d9,GP Swann,Graeme Swann,Test,2008-2013,60,76,14,1370,85,22.09,0,0,0,5,5,0,0,2008-2013,60,109,15349,7642,255,Jun-65,29.96,2.98,60.1,0,17,10/132,3,0,0,6470,-7.87
7c524708,R Illingworth,Ray Illingworth,Test,1958-1973,61,90,11,1836,113,23.24,0,0,2,5,7,0,0,1958-1973,61,100,11934,3807,122,Jun-29,31.2,1.91,97.8,0,3,Jul-29,0,0,0,4276,-7.96
bb18be76,SK Warne,Shane Warne,Test,1992-2007,145,199,17,3154,99,17.32,0,0,0,12,34,0,0,1992-2007,145,273,40705,17995,708,Aug-71,25.41,2.65,57.4,0,37,12/128,10,0,0,17314,-8.09
c58b0108,Mehidy Hasan Miraz,Mehidy Hasan Miraz,Test,2016-2025,56,100,10,2174,104,24.15,0,0,2,9,6,0,0,2016-2025,56,98,13164,6820,210,Jul-58,32.47,3.1,62.6,0,13,12/117,3,0,0,6374,-8.32
390ff45b,Abdul Razzaq,Abdul Razzaq,Test,1999-2006,46,77,9,1946,134,28.61,0,0,3,7,4,0,0,1999-2006,46,76,7008,3694,100,May-35,36.94,3.16,70,0,1,7/155,0,0,0,3946,-8.33
87e562a9,DJ Bravo,Dwayne Bravo,Test,2004-2010,40,71,1,2200,113,31.42,0,0,3,13,6,0,0,2004-2010,40,61,6466,3426,86,Jun-55,39.83,3.17,75.1,0,2,Jun-84,0,0,0,3920,-8.41
9af29168,CEL Ambrose,Curtly Ambrose,Test,1988-2000,98,145,29,1439,53,12.4,0,0,0,1,26,0,0,1988-2000,98,179,22103,8501,405,Aug-45,20.99,2.3,54.5,0,22,Nov-84,3,0,0,9539,-8.59
bb351c23,MM Ali,Moeen Ali,Test,2014-2023,68,118,8,3094,155*,28.12,0,0,5,15,15,0,0,2014-2023,68,119,12610,7612,204,Jun-53,37.31,3.62,61.8,0,5,10/112,1,0,0,7174,-9.19
eba6a852,SCJ Broad,Stuart Broad,Test,2007-2023,167,244,41,3662,169,18.03,0,0,1,13,39,0,0,2007-2023,167,309,33698,16719,604,Aug-15,27.68,2.97,55.7,0,20,11/121,3,0,0,15742,-9.65
0bcd7167,FJ Titmus,Fred Titmus,Test,1955-1975,53,76,11,1449,84*,22.29,0,0,0,10,4,0,0,1955-1975,53,90,15118,4931,153,Jul-79,32.22,1.95,98.8,0,7,9/162,0,0,0,4509,-9.93
dd09ff8e,B Lee,Brett Lee,Test,1999-2008,76,90,18,1451,64,20.15,0,0,0,5,14,0,0,1999-2008,76,150,16531,9554,310,May-30,30.81,3.46,53.3,0,10,9/171,0,0,0,7651,-10.66
72230c7d,CG Borde,Chandu Borde,Test,1958-1969,55,97,11,3061,177*,35.59,0,0,5,18,13,0,0,1958-1969,55,54,5695,2417,52,May-88,46.48,2.54,109.5,0,1,6/132,0,0,0,4101,-10.89
6a52f5d3,GJ Whittall,Grant Whittall,Test,1993-2002,46,82,7,2207,203*,29.42,0,0,4,10,6,0,0,1993-2002,46,52,4686,2088,51,Apr-18,40.94,2.67,91.8,0,0,May-61,0,0,0,3227,-11.52
3d8feaf8,MR Marsh,Mitch Marsh,Test,2014-2024,46,80,7,2083,181,28.53,0,0,3,9,9,0,0,2014-2024,46,74,3483,2061,51,May-46,40.41,3.55,68.2,0,1,Jul-86,0,0,0,3103,-11.88
0c2730df,A Kumble,Anil Kumble,Test,1990-2008,132,173,32,2506,110*,17.77,0,0,1,5,17,0,0,1990-2008,132,236,40850,18355,619,Oct-74,29.65,2.69,65.9,0,35,14/149,8,0,0,14886,-11.88
bf1d7d3e,Mahmudullah,Mahmudullah Riyad,Test,2009-2021,50,94,7,2914,150*,33.49,0,0,5,16,11,0,0,2009-2021,50,66,3423,1958,43,May-51,45.53,3.43,79.6,0,1,8/110,0,0,0,3774,-12.04
61dab16a,CL Hooper,Carl Hooper,Test,1987-2002,102,173,15,5762,233,36.46,0,0,13,27,13,0,0,1987-2002,102,145,13794,5635,114,May-26,49.42,2.45,121,0,4,7/178,0,0,0,8042,-12.96
d2fcce2f,HMRKB Herath,Rangana Herath,Test,1999-2018,93,144,28,1699,80*,14.64,0,0,0,3,23,0,0,1999-2018,93,170,25993,12157,433,9/127,28.07,2.8,60,0,34,14/184,9,0,0,10359,-13.43
0cb86ad7,Intikhab Alam,Intikhab Alam,Test,1959-1977,47,77,10,1493,138,22.28,0,0,1,8,10,0,0,1959-1977,47,78,10474,4494,125,Jul-52,35.95,2.57,83.7,0,5,11/130,2,0,0,3993,-13.67
0b60eb09,KA Maharaj,Keshav Maharaj,Test,2016-2025,62,95,8,1334,84,15.33,0,0,0,6,19,0,0,2016-2025,62,106,12308,6370,218,9/129,29.22,3.1,56.4,0,12,12/283,1,0,0,5694,-13.89
c03c6200,DJG Sammy,Darren Sammy,Test,2007-2013,38,63,2,1323,106,21.68,0,0,1,5,8,0,0,2007-2013,38,65,6215,3007,84,Jul-66,35.79,2.9,73.9,0,4,Aug-98,0,0,0,3003,-14.11
8b5b6769,Harbhajan Singh,Harbhajan Singh,Test,1998-2015,103,145,23,2224,115,18.22,0,0,2,9,19,0,0,1998-2015,103,190,28580,13537,417,Aug-84,32.46,2.84,68.5,0,25,15/217,5,0,0,10564,-14.24
7d608e12,DM de Silva,Dhananjaya de Silva,Test,2016-2025,65,115,9,4133,173,38.99,0,0,12,19,10,0,0,2016-2025,65,95,4149,2301,43,Mar-25,53.51,3.32,96.4,0,0,May-51,0,0,0,4993,-14.52
13c35c9e,TG Southee,Tim Southee,Test,2008-2024,107,156,11,2245,77*,15.48,0,0,0,7,21,0,0,2008-2024,107,203,23490,11832,391,Jul-64,30.26,3.02,60,0,15,10/108,1,0,0,10065,-14.78
78eb4223,KAJ Roach,Kemar Roach,Test,2009-2025,88,142,31,1363,58*,12.27,0,0,0,1,22,0,0,2009-2025,88,159,15406,7968,294,Jun-48,27.1,3.1,52.4,0,12,10/146,1,0,0,7243,-14.83
3d32289c,JE Emburey,John Emburey,Test,1978-1995,64,96,20,1713,75,22.53,0,0,0,10,16,0,0,1978-1995,64,103,15391,5646,147,Jul-78,38.4,2.2,104.7,0,6,7/105,0,0,0,4653,-15.87
5531248e,MDK Perera,Kusal Perera,Test,2014-2021,43,77,8,1303,95,18.88,0,0,0,7,14,0,0,2014-2021,43,78,10805,5780,161,Jun-32,35.9,3.2,67.1,0,8,Oct-78,2,0,0,4523,-17.02
6a0537aa,N Boje,Nicky Boje,Test,2000-2006,43,62,10,1312,85,25.23,0,0,0,4,5,0,0,2000-2006,43,72,8620,4265,100,May-62,42.65,2.96,86.2,0,3,8/134,0,0,0,3312,-17.42
d12143bf,JM Anderson,James Anderson,Test,2003-2024,188,265,114,1353,81,8.96,0,0,0,1,34,0,0,2003-2024,188,350,40037,18627,704,Jul-42,26.45,2.79,56.8,0,32,Nov-71,3,0,0,15433,-17.49
96a6a7ad,NM Lyon,Nathan Lyon,Test,2011-2025,141,180,49,1651,47,12.6,0,0,0,0,20,0,0,2011-2025,141,262,34832,17099,567,Aug-50,30.15,2.94,61.4,0,24,13/154,5,0,0,12991,-17.55
a4af4849,AF Giles,Ashley Giles,Test,1998-2006,54,81,13,1421,59,20.89,0,0,0,4,9,0,0,1998-2006,54,88,12180,5806,143,May-57,40.6,2.86,85.1,0,5,9/122,0,0,0,4281,-19.71
3feda4fa,RL Chase,Roston Chase,Test,2016-2025,57,106,4,2486,137*,24.37,0,0,5,11,15,0,0,2016-2025,57,85,7719,4546,94,Aug-60,48.36,3.53,82.1,0,4,Aug-60,0,0,0,4366,-23.99
6a97c7a4,Karanbir Singh,Karanbir Singh,T20I,2024-2025,41,40,4,1721,115,47.8,1017,169.22,2,16,3,147,136,2024-2025,41,29,0,508,33,Apr-42,15.39,7.73,11.9,1,0,0,0,65.4,0,2381,32.41
602ebd4c,Sami Sohail,Sami Sohail,T20I,2019-2025,66,62,19,1988,96*,46.23,1593,124.79,0,13,4,164,63,2019-2025,66,53,0,1147,64,04-Jun,17.92,7.06,15.2,2,0,0,0,162.2,5,3268,28.31
415d30b6,Virandeep Singh,Virandeep Singh,T20I,2019-2025,111,104,20,3180,116*,37.85,2497,127.35,1,23,6,272,131,2019-2025,111,89,0,1529,109,04-May,14.02,5.57,15.1,4,0,0,0,274.3,8,5360,23.83
ec483176,Taranjeet Singh,Taranjeet Singh,T20I,2021-2025,44,43,4,1351,110,34.64,848,159.31,1,7,1,167,61,2021-2025,44,43,0,928,52,Apr-17,17.84,6.85,15.6,2,0,0,0,135.2,3,2391,16.8
f1eb3c73,DMW Rawlins,Delray Rawlins,T20I,2019-2025,41,39,7,1169,91,36.53,803,145.57,0,9,2,80,75,2019-2025,41,39,0,776,37,04-Oct,20.97,6.21,20.2,2,0,0,0,124.5,2,1909,15.56
c498c510,N Nipiko,Naku Nipiko,T20I,2019-2024,39,39,6,1031,100,31.24,868,118.77,1,6,1,80,42,2019-2024,39,31,0,771,49,May-19,15.73,8.18,11.5,5,1,0,0,94.1,0,2011,15.51
95a5e066,MG Erasmus,Gerhard Erasmus,T20I,2019-2026,81,77,16,1882,100*,30.85,1514,124.3,1,13,3,149,67,2019-2026,81,60,0,1026,65,Apr-20,15.78,5.98,15.8,1,0,0,0,171.3,1,3182,15.07
30d8136b,AR Ramjani,Anwar Ramjani,T20I,2022-2025,65,45,11,850,78,25,646,131.57,0,5,3,66,31,2022-2025,65,63,0,1070,102,May-17,10.49,4.79,13.1,4,1,0,0,223.1,10,2890,14.51
bb134e5c,JJ Smit,JJ Smit,T20I,2019-2026,71,61,22,1251,111*,32.07,857,145.97,1,4,3,74,76,2019-2026,71,51,0,1203,67,06-Oct,17.95,6.9,15.6,2,1,0,0,174.2,1,2591,14.12
7fa6bd8e,RR Patel,Rakesh Patel,T20I,2008-2025,93,81,17,1930,120,30.15,1420,135.91,1,11,4,153,103,2008-2025,93,38,0,610,38,03-Dec,16.05,6.04,15.9,0,0,0,0,100.5,3,2690,14.1
79209272,Yasir Ali,Yasir Ali,T20I,2019-2025,43,39,8,803,80*,25.9,793,101.26,0,4,3,60,25,2019-2025,43,37,0,639,52,Jun-28,12.28,5.73,12.8,0,1,0,0,111.2,2,1843,13.62
c573d173,MWR Stokes,Ben Stokes,T20I,2019-2025,47,43,15,1088,73,38.85,901,120.75,0,6,1,93,21,2019-2025,47,33,0,685,27,Mar-42,25.37,7.41,20.5,0,0,0,0,92.2,3,1628,13.48
1747ea18,DS Airee,Dipendra Singh Airee,T20I,2018-2026,94,82,18,2125,110*,33.2,1523,139.52,1,12,1,152,89,2018-2026,94,68,0,1210,60,Apr-18,20.16,6.1,19.8,2,0,0,0,198.2,4,3325,13.04
33b67317,Bilal Zalmai,Bilal Zalmai,T20I,2019-2025,50,48,6,1485,111*,35.35,921,161.23,1,11,2,149,86,2019-2025,50,48,0,1273,56,04-Dec,22.73,6.92,19.6,2,0,0,0,183.5,2,2605,12.62
e3386c8a,K Bhurtel,Kushal Bhurtel,T20I,2021-2026,74,72,6,1885,104*,28.56,1484,127.02,1,13,5,177,80,2021-2026,74,30,0,497,31,04-Dec,16.03,6.96,13.8,2,0,0,0,71.2,1,2505,12.53
b3b39bed,Aqib Ilyas,Aqib Ilyas,T20I,2015-2024,56,55,7,1330,90,27.7,1092,121.79,0,10,4,125,44,2015-2024,56,37,0,745,47,04-Oct,15.85,6.05,15.7,2,0,0,0,123,2,2270,11.85
269cc4ff,Riazat Ali Shah,Riazat Ali Shah,T20I,2019-2025,77,67,19,1606,98*,33.45,1298,123.72,0,5,4,119,69,2019-2025,77,50,0,938,43,04-Dec,21.81,6.91,18.9,2,0,0,0,135.4,0,2466,11.64
9f2be73d,S Ravichandran,Ravichandran Ashwin,T20I,2022-2025,43,42,4,915,86*,24.07,727,125.85,0,5,2,86,20,2022-2025,43,40,0,615,49,May-22,12.55,4.96,15.1,1,1,0,0,123.5,5,1895,11.52
2c535f08,F Damiao Couana,Damiao Couana,T20I,2019-2024,38,37,5,1005,104,31.4,800,125.62,1,5,3,100,38,2019-2024,38,35,0,718,36,May-19,19.94,6.4,18.6,0,1,0,0,112.1,6,1725,11.46
0,Asghar Afghan,Asghar Afghan,T20I,2010-2021,75,68,5,1382,62,21.93,1247,110.82,0,4,5,87,69,2023-2025,20,19,0,316,29,Jun-14,10.89,4.71,13.8,0,1,0,0,67,5,1962,11.04
716bf559,BA Pai,Bharat Pai,T20I,2019-2024,39,37,7,1054,107*,35.13,915,115.19,1,6,2,95,17,2019-2024,39,36,0,781,32,Mar-13,24.4,6.37,22.9,0,0,0,0,122.3,1,1694,10.73
0,SI Runsewe,Sunday Runsewe,T20I,2019-2025,76,75,10,1399,80,21.52,1275,109.72,0,8,4,150,17,2023-2025,20,19,0,316,29,Jun-14,10.89,4.71,13.8,0,1,0,0,67,5,1979,10.63
1c914163,Yuvraj Singh,Yuvraj Singh,T20I,2007-2017,58,51,9,1177,77*,28.02,863,136.38,0,8,1,77,74,2007-2017,58,31,0,499,28,Mar-17,17.82,7.06,15.1,0,0,0,0,70.4,0,1737,10.2
46a7ac78,DM Nakrani,Divyesh Nakrani,T20I,2019-2025,82,70,25,1144,77*,25.42,915,125.02,0,3,3,70,68,2019-2025,82,76,0,1468,96,06-Jul,15.29,5.68,16.1,2,2,0,0,258,10,3064,10.13
c156cc1f,I Danladi,Isaac Danladi,T20I,2019-2025,59,54,6,1224,80,25.5,1062,115.25,0,5,1,109,34,2019-2025,59,37,0,528,34,Apr-22,15.52,5.82,16,1,0,0,0,90.4,2,1904,9.98
9e0bd203,B Ward,Ben Ward,T20I,2019-2025,43,34,9,608,58*,24.32,469,129.63,0,1,1,34,33,2019-2025,43,42,0,881,59,04-Jun,14.93,5.82,15.3,3,0,0,0,151.1,5,1788,9.39
72e60730,A Vala,Assad Vala,T20I,2015-2025,66,63,10,1336,93*,25.2,1158,115.37,0,8,1,118,40,2015-2025,66,40,0,613,38,03-Jul,16.13,6.46,14.9,0,0,0,0,94.5,3,2096,9.07
2dde3e62,J Bulele,Joseph Bulele,T20I,2019-2022,27,27,2,612,62*,24.48,654,93.57,0,4,2,79,2,2019-2022,27,24,0,512,32,Apr-13,16,6.72,14.2,1,0,0,0,76.1,0,1252,8.48
fc4375ef,BFW de Leede,Bas de Leede,T20I,2018-2026,49,44,12,881,91*,27.53,826,106.65,0,5,4,65,24,2018-2026,49,38,0,855,44,Mar-17,19.43,7.96,14.6,0,0,0,0,107.2,1,1761,8.1
5152ab02,Habib Khan,Habib Khan,T20I,2021-2025,26,24,0,629,90,26.2,482,130.49,0,4,1,49,34,2021-2025,26,26,0,684,37,Apr-16,18.48,7.25,15.2,1,0,0,0,94.2,0,1369,7.72
e21bc7f3,RD Berrington,Richie Berrington,T20I,2008-2026,106,97,18,2451,100,31.02,1860,131.77,1,10,10,202,88,2008-2026,106,41,0,660,28,Mar-17,23.57,7.64,18.5,0,0,0,0,86.2,0,3011,7.45
64c34cd0,Shoaib Malik,Shoaib Malik,T20I,2006-2021,124,111,33,2435,75,31.21,1938,125.64,0,9,2,196,69,2006-2021,124,49,0,675,28,02-Jul,24.1,7.1,20.3,0,0,0,0,95,0,2995,7.11
a6aea235,O Harvey,Oliver Harvey,T20I,2021-2024,42,38,5,683,107*,20.69,695,98.27,1,1,3,53,17,2021-2024,42,41,0,757,54,May-36,14.01,5.31,15.8,1,1,0,0,142.3,3,1763,6.68
6667067e,Syed Aziz,Syed Aziz,T20I,2019-2025,117,111,18,2782,126,29.91,1971,141.14,1,19,8,248,143,2019-2025,117,69,0,1501,64,04-Sep,23.45,7.53,18.6,2,0,0,0,199.1,5,4062,6.46
3c87f0c3,JN Frylinck,Jan Frylinck,T20I,2019-2026,78,59,13,1121,134,24.36,903,124.14,1,2,3,97,32,2019-2026,78,50,0,1131,63,Jun-24,17.95,7.04,15.2,1,1,0,0,160.3,1,2381,6.41
c01d7726,H Thaker,Harsh Thaker,T20I,2019-2026,54,42,10,822,53*,25.68,668,123.05,0,2,0,49,35,2019-2026,54,43,0,773,39,Apr-20,19.82,6.1,19.4,1,0,0,0,126.4,6,1602,5.86
d816fc1c,JJ Huo,Jason Huo,T20I,2019-2025,42,40,9,626,107*,20.19,553,113.2,1,0,4,64,18,2019-2025,42,33,0,691,48,04-Nov,14.39,6.67,12.9,1,0,0,0,103.3,6,1586,5.8
d9273ee7,MP Stoinis,Marcus Stoinis,T20I,2015-2026,87,70,24,1416,78,30.78,968,146.28,0,6,2,116,66,2015-2026,87,57,0,1337,53,Apr-23,25.22,8.86,17,1,0,0,0,150.5,1,2476,5.56
4d84ad05,CJA Amini,Charles Amini,T20I,2015-2024,59,51,9,1028,91*,24.47,891,115.37,0,5,6,75,30,2015-2024,59,51,0,906,47,Apr-18,19.27,6.24,18.5,1,0,0,0,145,0,1968,5.2
2af0e3b1,GA Priandana,Gede Priandana,T20I,2022-2025,69,66,10,1217,78*,21.73,1143,106.47,0,6,7,118,41,2022-2025,69,31,0,465,28,05-Jan,16.6,7.24,13.7,1,1,0,0,64.1,1,1777,5.13
7a6decc8,Luqman Butt,Luqman Butt,T20I,2023-2025,45,41,6,1239,80*,35.4,838,147.85,0,6,1,105,71,2023-2025,45,38,0,853,28,Apr-40,30.46,7.74,23.6,1,0,0,0,110.1,1,1799,4.94
0,Asghar Afghan,Asghar Afghan,T20I,2010-2021,75,68,5,1382,62,21.93,1247,110.82,0,4,5,87,69,2022-2025,35,34,0,650,38,08-Jul,17.1,5.55,18.4,1,1,0,0,117,3,2142,4.83
adbf0400,Basil Hameed,Basil Hameed,T20I,2020-2026,65,54,17,796,51,21.51,628,126.75,0,2,3,42,41,2020-2026,65,38,0,640,38,Apr-25,16.84,7.15,14.1,1,0,0,0,89.3,1,1556,4.67
0fa81719,V Saini,Vaibhav Saini,T20I,2020-2025,52,46,11,1058,91*,30.22,819,129.18,0,5,4,91,27,2020-2025,52,47,0,1125,44,May-17,25.56,7.39,20.7,1,1,0,0,152.1,0,1938,4.66
4329fbb5,SR Watson,Shane Watson,T20I,2006-2016,58,56,6,1462,124*,29.24,1006,145.32,1,10,3,115,83,2006-2016,58,49,0,1187,48,Apr-15,24.72,7.65,19.3,1,0,0,0,155,2,2422,4.52
0,SI Runsewe,Sunday Runsewe,T20I,2019-2025,76,75,10,1399,80,21.52,1275,109.72,0,8,4,150,17,2022-2025,35,34,0,650,38,08-Jul,17.1,5.55,18.4,1,1,0,0,117,3,2159,4.42
8de618ab,SA Ahmad,Shahid Ahmad,T20I,2019-2025,35,31,4,616,66,22.81,573,107.5,0,3,1,56,13,2019-2025,35,30,0,535,29,03-Sep,18.44,5.69,19.4,0,0,0,0,94,4,1196,4.37
b08252b8,RP Burl,Ryan Burl,T20I,2018-2026,115,106,32,1943,67*,26.25,1549,125.43,0,4,3,139,80,2018-2026,115,76,0,1390,62,Mar-13,22.41,7.22,18.6,0,0,0,0,192.2,3,3183,3.84
9ab63e7b,Mohammad Hafeez,Mohammad Hafeez,T20I,2006-2021,119,108,13,2514,99*,26.46,2060,122.03,0,14,7,251,76,2006-2021,119,79,0,1388,61,04-Oct,22.75,6.6,20.6,1,0,0,0,210.1,3,3734,3.71
87a6f411,H Lakov,Hristo Lakov,T20I,2019-2025,46,45,10,1283,80,36.65,1130,113.53,0,9,0,109,18,2019-2025,46,38,0,1089,33,Mar-21,33,7.9,25,0,0,0,0,137.5,3,1943,3.65
34464143,Zeeshan Maqsood,Zeeshan Maqsood,T20I,2015-2024,73,62,10,1369,102*,26.32,1149,119.14,1,5,4,137,49,2015-2024,73,61,0,1168,51,04-Jul,22.9,6.47,21.2,3,0,0,0,180.2,1,2389,3.42
0,Asghar Afghan,Asghar Afghan,T20I,2010-2021,75,68,5,1382,62,21.93,1247,110.82,0,4,5,87,69,2021-2025,42,38,0,779,42,Jun-17,18.54,7.51,14.8,1,1,0,0,103.4,3,2222,3.39
0,Asghar Afghan,Asghar Afghan,T20I,2010-2021,75,68,5,1382,62,21.93,1247,110.82,0,4,5,87,69,2022-2025,28,28,0,558,30,05-Jul,18.6,6.77,16.4,1,1,0,0,82.2,4,1982,3.33
a4e37e47,S Dube,Shivam Dube,T20I,2019-2026,60,45,14,914,66,29.48,606,150.82,0,6,2,58,57,2019-2026,60,40,0,786,30,03-Apr,26.2,9.32,16.8,0,0,0,0,84.2,0,1514,3.28
14157abf,Aqib Iqbal,Aqib Iqbal,T20I,2019-2025,79,58,15,1021,66*,23.74,860,118.72,0,4,4,80,35,2019-2025,79,77,0,1811,88,05-May,20.57,6.67,18.4,0,1,0,0,271.1,7,2781,3.17
0,SI Runsewe,Sunday Runsewe,T20I,2019-2025,76,75,10,1399,80,21.52,1275,109.72,0,8,4,150,17,2021-2025,42,38,0,779,42,Jun-17,18.54,7.51,14.8,1,1,0,0,103.4,3,2239,2.98
0,SI Runsewe,Sunday Runsewe,T20I,2019-2025,76,75,10,1399,80,21.52,1275,109.72,0,8,4,150,17,2022-2025,28,28,0,558,30,05-Jul,18.6,6.77,16.4,1,1,0,0,82.2,4,1999,2.92
26d041c4,Sikandar Raza,Sikandar Raza,T20I,2013-2026,130,125,12,2958,133*,26.17,2172,136.18,1,16,9,227,138,2013-2026,130,116,0,2409,103,May-18,23.38,6.76,20.7,2,1,0,0,356,5,5018,2.79
934b36a6,Khawar Ali,Khawar Ali,T20I,2015-2022,41,35,3,626,72*,19.56,635,98.58,0,2,2,67,15,2015-2022,41,39,0,790,46,04-Nov,17.17,6.62,15.5,3,0,0,0,119.2,0,1546,2.39
7dc35884,Shakib Al Hasan,Shakib Al Hasan,T20I,2006-2024,129,127,17,2551,84,23.19,2105,121.18,0,13,9,258,53,2006-2024,129,126,0,3117,149,May-20,20.91,6.81,18.4,6,2,0,0,457.3,3,5531,2.28
aa8d28ae,D Wiese,David Wiese,T20I,2013-2024,54,40,14,624,66*,24,488,127.86,0,3,3,35,30,2013-2024,54,54,0,1299,59,May-23,22.01,7.19,18.3,1,1,0,0,180.4,2,1804,1.99
05c2ca46,RE van der Merwe,Roelof van der Merwe,T20I,2009-2026,71,46,19,575,75*,21.29,453,126.93,0,2,7,43,16,2009-2026,71,69,0,1481,75,Apr-35,19.74,6.63,17.8,1,0,0,0,223.1,1,2075,1.55
1021b6e5,J Rasu,John Rasu,T20I,2019-2024,39,38,4,675,74,19.85,612,110.29,0,2,4,48,24,2019-2024,39,27,0,642,35,May-36,18.34,7.21,15.2,0,1,0,0,89,1,1375,1.51
243431b5,KJ O'Brien,Kevin O'Brien,T20I,2008-2021,110,103,10,1973,124,21.21,1507,130.92,1,5,12,165,82,2008-2021,110,52,0,1149,58,Apr-45,19.81,7.51,15.8,1,0,0,0,152.5,0,3133,1.4
5f547c8b,Rashid Khan,Rashid Khan,T20I,2015-2026,115,70,28,622,48*,14.8,470,132.34,0,0,8,41,40,2015-2026,115,115,0,2650,193,05-Mar,13.73,6.04,13.6,9,2,0,0,438.2,2,4482,1.07
dbe50b21,HH Pandya,Hardik Pandya,T20I,2016-2026,134,105,27,2176,71*,27.89,1506,144.48,0,8,4,160,119,2016-2026,134,121,0,2958,110,Apr-16,26.89,8.31,19.4,3,0,0,0,355.5,5,4376,1
b857468a,V Vijh,Varun Vijh,T20I,2019-2025,49,49,7,920,64*,21.9,869,105.86,0,2,4,67,29,2019-2025,49,45,0,1103,51,Apr-19,21.62,7.83,16.5,1,0,0,0,140.5,0,1940,0.28
c5aef772,R Shepherd,Romario Shepherd,T20I,2020-2026,76,54,23,836,49,26.96,579,144.38,0,0,4,48,60,2020-2026,76,70,0,2167,81,May-20,26.75,9.95,16.1,1,1,0,0,217.4,0,2456,0.21
20481563,MNM Aslam,Mohammad Noman Aslam,T20I,2019-2025,75,51,7,877,55,19.93,769,114.04,0,4,4,76,21,2019-2025,75,74,0,1584,80,04-May,19.8,6.14,19.3,3,0,0,0,257.4,8,2477,0.13
a3a275ec,K Waiswa,Kenneth Waiswa,T20I,2020-2024,73,57,11,736,66*,16,688,106.97,0,1,6,71,19,2020-2024,73,35,0,700,44,Apr-14,15.9,7.14,13.3,2,0,0,0,98,2,1616,0.1
33609a8c,Saim Ayub,Saim Ayub,T20I,2023-2026,66,63,3,1291,98*,21.51,948,136.18,0,6,10,135,59,2023-2026,66,34,0,625,29,Mar-25,21.55,7.1,18.2,0,0,0,0,88,0,1871,-0.04
d1988788,Rohan Mustafa,Rohan Mustafa,T20I,2014-2023,58,53,5,1006,77,20.95,827,121.64,0,4,7,108,27,2014-2023,58,56,0,1283,61,Apr-18,21.03,6.96,18.1,1,0,0,0,184.2,3,2226,-0.08
a36915ce,N Vanua,Norman Vanua,T20I,2015-2024,58,47,10,696,71,18.81,510,136.47,0,3,9,32,47,2015-2024,58,53,0,1255,66,May-17,19.01,7.22,15.7,2,1,0,0,173.4,4,2016,-0.2
50c6bc2b,LS Livingstone,Liam Livingstone,T20I,2017-2025,60,47,9,955,103,25.13,641,148.98,1,2,3,54,59,2017-2025,60,41,0,838,33,Mar-17,25.39,8.72,17.4,0,0,0,0,96,1,1615,-0.26
b681e71e,GJ Maxwell,Glenn Maxwell,T20I,2012-2026,130,118,18,2897,145*,28.97,1876,154.42,5,12,5,243,150,2012-2026,130,86,0,1515,51,03-Oct,29.7,8.13,21.9,0,0,0,0,186.1,0,3917,-0.73
4d7c5b56,IK Gamantika,I Komang Gamantika,T20I,2022-2025,74,59,9,862,78*,17.24,893,96.52,0,1,3,61,24,2022-2025,74,52,0,887,49,Apr-24,18.1,5.82,18.6,1,0,0,0,152.1,4,1842,-0.86
60bec5c3,Muhammad Amir,Mohammad Amir,T20I,2019-2025,59,45,4,582,80,14.19,548,106.2,0,2,4,54,15,2019-2025,59,34,0,626,41,May-16,15.26,6.38,14.3,0,1,0,0,98,2,1402,-1.07
9811e35e,Gulsan Jha,Gulsan Jha,T20I,2022-2026,55,44,12,668,54,20.87,471,141.82,0,1,1,34,49,2022-2026,55,34,0,639,29,Mar-31,22.03,7.22,18.3,0,0,0,0,88.3,1,1248,-1.16
99cddc5e,GH Dockrell,George Dockrell,T20I,2010-2026,157,107,39,1388,58*,20.41,1042,133.2,0,2,9,102,54,2010-2026,157,100,0,2012,91,Apr-20,22.1,6.97,19,1,0,0,0,288.2,1,3208,-1.69
681f522f,SA Okpe,Samuel Okpe,T20I,2019-2025,81,61,14,754,45*,16.04,725,104,0,0,5,48,25,2019-2025,81,75,0,1242,70,05-Sep,17.74,5.75,18.5,1,1,0,0,215.5,9,2154,-1.7
7ecb9a14,Aamir Kaleem,Aamir Kaleem,T20I,2015-2026,58,50,6,779,72*,17.7,680,114.55,0,3,7,79,19,2015-2026,58,45,0,951,49,May-15,19.4,7.55,15.4,2,2,0,0,125.5,1,1759,-1.7
eb40ed89,VP Thamotharam,Vimal Thamotharam,T20I,2020-2025,66,63,8,1445,104*,26.27,995,145.22,1,9,3,100,90,2020-2025,66,55,0,1247,44,Mar-22,28.34,8.01,21.2,0,0,0,0,155.3,0,2325,-2.07
2a03bd2f,L Bruce,Laura Bruce,T20I,2021-2025,45,44,4,1093,99*,27.32,962,113.61,0,12,5,111,17,2021-2025,45,39,0,947,32,Apr-13,29.59,7.8,22.7,1,0,0,0,121.2,0,1733,-2.27
98920db3,Samiullah Shinwari,Samiullah Shinwari,T20I,2010-2022,65,56,10,1013,61,22.02,858,118.06,0,2,2,76,37,2010-2022,65,38,0,688,28,May-13,24.57,6.51,22.6,1,1,0,0,105.4,0,1573,-2.55
7e443b44,PW Hasaranga,Wanindu Hasaranga,T20I,2019-2026,95,77,17,807,71,13.45,639,126.29,0,2,8,81,17,2019-2026,95,93,0,2473,154,04-Sep,16.05,7.02,13.7,5,0,0,0,352,2,3887,-2.6
2e171977,AR Patel,Axar Patel,T20I,2015-2026,90,56,18,700,65,18.42,522,134.09,0,1,4,50,28,2015-2026,90,84,0,1946,92,03-Sep,21.15,7.29,17.3,0,0,0,0,266.4,4,2540,-2.73
c9d05f1a,Yasim Murtaza,Yasim Murtaza,T20I,2022-2025,68,57,8,821,58,16.75,720,114.02,0,2,1,59,33,2022-2025,68,65,0,1461,75,04-Sep,19.48,6.37,18.3,1,0,0,0,229,3,2321,-2.73
3086f7a4,Mohammad Nawaz,Mohammad Nawaz,T20I,2016-2026,96,67,17,911,45*,18.22,681,133.77,0,0,7,68,48,2016-2026,96,90,0,2062,98,May-18,21.04,7.15,17.6,0,2,0,0,288.2,2,2871,-2.82
a757b0d8,KA Pollard,Kieron Pollard,T20I,2008-2022,101,83,21,1569,75*,25.3,1161,135.14,0,6,3,94,99,2008-2022,101,63,0,1188,42,Apr-25,28.28,8.32,20.3,1,0,0,0,142.4,0,2409,-2.98
896d78ad,AD Mathews,Angelo Mathews,T20I,2009-2024,90,73,22,1416,81*,27.76,1175,120.51,0,6,1,92,50,2009-2024,90,72,0,1389,45,Mar-16,30.86,7.12,25.9,0,0,0,0,194.5,4,2316,-3.1
3feda4fa,RL Chase,Roston Chase,T20I,2021-2026,55,40,8,771,67*,24.09,643,119.9,0,4,5,68,19,2021-2026,55,47,0,1014,37,03-Dec,27.4,7.47,22,0,0,0,0,135.4,1,1511,-3.31
9219eff0,JDS Neesham,Jimmy Neesham,T20I,2012-2026,98,72,22,1033,48*,20.66,690,149.71,0,0,7,80,54,2012-2026,98,69,0,1421,58,May-22,24.5,8.98,16.3,1,1,0,0,158.1,0,2193,-3.84
1c5c3dce,IO Okpe,Isaac Okpe,T20I,2019-2025,84,69,13,822,65*,14.67,738,111.38,0,2,5,33,34,2019-2025,84,80,0,1564,84,May-25,18.61,6.69,16.6,0,1,0,0,233.4,4,2502,-3.94
0e34c23a,Adnan Idrees,Adnan Idrees,T20I,2019-2024,42,37,2,553,80,15.8,410,134.87,0,3,6,66,23,2019-2024,42,33,0,756,38,Mar-17,19.89,7.72,15.4,0,0,0,0,97.5,0,1313,-4.09
87e562a9,DJ Bravo,Dwayne Bravo,T20I,2006-2021,91,74,17,1255,66*,22.01,1091,115.03,0,4,5,73,55,2006-2021,91,77,0,2036,78,Apr-19,26.1,8.11,19.2,3,0,0,0,250.5,0,2815,-4.09
bf1d7d3e,Mahmudullah,Mahmudullah Riyad,T20I,2007-2024,141,130,26,2444,64*,23.5,2082,117.38,0,8,5,184,77,2007-2024,141,80,0,1135,41,03-Oct,27.68,7.16,23.1,0,0,0,0,158.2,2,3264,-4.18
9de62878,Shadab Khan,Shadab Khan,T20I,2017-2026,122,67,17,979,52,19.58,684,143.12,0,1,6,68,50,2017-2026,122,113,0,2927,123,04-Aug,23.79,7.33,19.4,3,0,0,0,399.1,3,3439,-4.21
e4a0deae,MJ Santner,Mitchell Santner,T20I,2015-2026,131,87,37,974,77*,19.48,749,130.04,0,2,6,81,35,2015-2026,131,126,0,3233,136,04-Nov,23.77,7.24,19.6,3,0,0,0,446,3,3694,-4.29
28131839,MA Leask,Michael Leask,T20I,2013-2026,78,65,9,897,58,16.01,700,128.14,0,1,5,59,46,2013-2026,78,59,0,1200,59,Apr-17,20.33,7.57,16.1,1,0,0,0,158.3,0,2077,-4.32
db95ddeb,Sarfaraz Ali,Sarfaraz Ali,T20I,2019-2024,52,52,3,1050,69*,21.42,722,145.42,0,6,4,91,78,2019-2024,52,46,0,981,38,04-Dec,25.81,7.2,21.5,2,0,0,0,136.1,0,1810,-4.39
49118dc7,SO Ngoche,Shem Ngoche,T20I,2010-2025,104,65,20,566,41*,12.57,517,109.47,0,0,10,46,18,2010-2025,104,101,0,2042,120,Apr-14,17.01,5.89,17.3,3,0,0,0,346.4,14,2966,-4.44
fc55ec67,MR Adair,Mark Adair,T20I,2019-2026,100,70,15,844,72,15.34,656,128.65,0,1,6,57,40,2019-2026,100,100,0,2812,142,Apr-13,19.8,7.82,15.1,4,0,0,0,359.3,3,3684,-4.46
a9a18e3e,Imran Anwar,Imran Anwar,T20I,2019-2026,104,70,6,1190,87,18.59,955,124.6,0,7,10,71,80,2019-2026,104,100,0,2192,95,Apr-24,23.07,7.33,18.8,1,0,0,0,298.5,6,3090,-4.48
5d77a96a,Umar Adam,Umar Adam,T20I,2019-2024,46,45,1,783,56,17.79,589,132.93,0,4,5,62,45,2019-2024,46,43,0,1114,50,03-Nov,22.28,7.82,17,0,0,0,0,142.2,1,1783,-4.49
29ee9bf9,K Nassoro,Kassim Nassoro,T20I,2021-2025,75,61,11,896,60,17.92,924,96.96,0,2,4,83,15,2021-2025,75,61,0,1065,47,Apr-14,22.65,6.48,20.9,1,0,0,0,164.2,4,1836,-4.73
abbdca1a,PM Seelaar,Pieter Seelaar,T20I,2008-2021,77,46,12,591,96*,17.38,532,111.09,0,1,1,43,12,2008-2021,77,64,0,1290,58,Apr-19,22.24,6.83,19.5,1,0,0,0,188.4,4,1751,-4.86
3ff033bb,MD Shanaka,Dasun Shanaka,T20I,2015-2026,129,116,24,1833,74*,19.92,1453,126.15,0,7,16,127,98,2015-2026,129,74,0,1113,44,Mar-16,25.29,8.17,18.5,0,0,0,0,136.1,1,2713,-5.37
afe57f7a,SC Williams,Sean Williams,T20I,2006-2025,85,84,8,1805,77,23.75,1407,128.28,0,12,7,178,44,2006-2025,85,77,0,1433,49,Mar-15,29.24,6.92,25.3,0,0,0,0,207,0,2785,-5.49
62af8546,Mohammad Nabi,Mohammad Nabi,T20I,2010-2026,152,140,30,2448,89,22.25,1795,136.37,0,7,9,167,124,2010-2026,152,138,0,3028,109,04-Jul,27.77,7.31,22.7,4,0,0,0,413.4,5,4628,-5.52
c988daa1,I Takahashi,Itsuki Takahashi,T20I,2022-2025,46,42,6,543,39*,15.08,432,125.69,0,0,5,38,26,2022-2025,46,44,0,690,33,03-Oct,20.9,5.98,20.9,0,0,0,0,115.2,1,1203,-5.82
9f77963a,Gulbadin Naib,Gulbadin Naib,T20I,2012-2026,85,72,20,1070,63,20.57,871,122.84,0,4,8,78,49,2012-2026,85,50,0,925,35,Apr-20,26.42,7.96,19.9,1,0,0,0,116.1,1,1770,-5.85
9cb8d7a6,Imad Wasim,Imad Wasim,T20I,2015-2024,75,50,15,554,64*,15.82,426,130.04,0,1,6,55,12,2015-2024,75,74,0,1588,73,May-14,21.75,6.2,21,1,1,0,0,256,4,2014,-5.93
bb351c23,MM Ali,Moeen Ali,T20I,2014-2024,92,75,17,1229,72*,21.18,863,142.41,0,7,9,88,68,2014-2024,92,71,0,1384,51,Mar-24,27.13,8.31,19.5,0,0,0,0,166.3,1,2249,-5.95
f6c2659d,Aizaz Khan,Aizaz Khan,T20I,2014-2025,96,83,17,1026,48*,15.54,937,109.49,0,0,7,71,27,2014-2025,96,87,0,2130,99,Apr-26,21.51,7.89,16.3,2,0,0,0,269.5,4,3006,-5.97
33b3d2df,GJ Delany,Gareth Delany,T20I,2019-2026,91,77,16,1245,89*,20.4,930,133.87,0,4,4,97,58,2019-2026,91,74,0,1562,59,Mar-16,26.47,7.57,20.9,0,0,0,0,206.2,1,2425,-6.07
e94915e6,SM Curran,Sam Curran,T20I,2019-2026,72,46,15,638,58,20.58,493,129.41,0,2,0,35,31,2019-2026,72,68,0,1760,66,05-Oct,26.66,8.64,18.5,0,1,0,0,203.3,2,1958,-6.08
2bcbcac3,A Limdawala,Ali Limdawala,T20I,2022-2025,53,41,5,659,68,18.3,723,91.14,0,3,2,48,16,2022-2025,53,38,0,688,28,Apr-23,24.57,7.22,20.3,1,0,0,0,95.1,1,1219,-6.27
0dc00542,Shahid Afridi,Shahid Afridi,T20I,2006-2018,99,91,12,1416,54*,17.92,944,150,0,4,8,103,73,2006-2018,99,97,0,2396,98,04-Nov,24.44,6.63,22.1,3,0,0,0,361.2,4,3376,-6.52
8f6dd463,Azmatullah Omarzai,Azmatullah Omarzai,T20I,2022-2026,66,55,10,808,53,17.95,641,126.05,0,1,6,49,39,2022-2026,66,61,0,1328,54,04-Sep,24.59,8.18,18,3,0,0,0,162.2,1,1888,-6.64
f092b4c7,Janak Prakash,Janak Prakash,T20I,2019-2024,43,41,12,588,56,20.27,467,125.91,0,1,2,37,24,2019-2024,43,43,0,1295,48,Mar-15,26.97,8.67,18.6,0,0,0,0,149.2,1,1548,-6.7
57fcfd3b,S Muniandy,Syed Aziz Muniandy,T20I,2019-2025,112,88,23,1106,60*,17.01,959,115.32,0,1,6,76,40,2019-2025,112,53,0,1201,50,Apr-13,24.02,8.28,17.4,3,0,0,0,145,1,2106,-7.01
8088632c,C Rubagumya,Claude Rubagumya,T20I,2021-2025,91,75,14,834,40,13.67,981,85.01,0,0,11,52,13,2021-2025,91,68,0,1348,63,03-May,21.39,7.35,17.4,0,0,0,0,183.1,6,2094,-7.72
c03c6200,DJG Sammy,Darren Sammy,T20I,2007-2017,68,52,18,587,42*,17.26,398,147.48,0,0,3,45,31,2007-2017,68,59,0,1116,44,May-26,25.36,7.31,20.8,1,1,0,0,152.4,0,1467,-8.1
c5d7b244,Mohammad Nadeem,Mohammad Nadeem,T20I,2015-2026,73,52,13,824,77*,21.12,796,103.51,0,3,2,52,21,2015-2026,73,60,0,1201,40,Apr-23,30.02,7.72,23.3,1,0,0,0,155.3,0,1624,-8.9
bbd41817,AD Russell,Andre Russell,T20I,2011-2025,86,75,24,1122,71,22,685,163.79,0,3,9,65,95,2011-2025,86,75,0,1919,61,Mar-19,31.45,9.42,20,0,0,0,0,203.3,0,2342,-9.45
0f721006,JO Holder,Jason Holder,T20I,2014-2026,93,65,19,789,38,17.15,577,136.74,0,0,9,47,51,2014-2026,93,89,0,2825,105,May-27,26.9,8.68,18.5,5,1,0,0,325.2,2,2889,-9.75
0f12f9df,NLTC Perera,Thisara Perera,T20I,2010-2021,84,74,22,1204,61,23.15,794,151.63,0,3,8,88,64,2010-2021,84,67,0,1717,51,Mar-24,33.66,9.34,21.6,0,0,0,0,183.4,1,2224,-10.51
62175638,Karim Janat,Karim Janat,T20I,2016-2025,75,56,11,759,56*,16.86,645,117.67,0,4,6,53,33,2016-2025,75,50,0,1161,42,05-Nov,27.64,8.22,20.1,0,1,0,0,141.1,0,1599,-10.78
bd4ea627,Faheem Ashraf,Faheem Ashraf,T20I,2017-2026,85,59,15,594,51,13.5,433,137.18,0,1,6,40,33,2017-2026,85,74,0,1539,61,Apr-23,25.22,7.87,19.2,2,0,0,0,195.3,1,1814,-11.72
1f3b9f8d,M Akayezu,Martin Akayezu,T20I,2021-2025,95,79,9,590,51,8.42,547,107.86,0,1,13,40,30,2021-2025,95,85,0,2028,93,04-Sep,21.8,7.99,16.3,3,0,0,0,253.4,3,2450,-13.38
3fa5672e,P Mishra,Piyush Mishra,T20I,2019-2025,59,49,5,591,55,13.43,491,120.36,0,3,5,39,44,2019-2025,59,55,0,1413,52,May-16,27.17,7.38,22,1,1,0,0,191.2,2,1631,-13.74
478a63e7,C Campher,Curtis Campher,T20I,2021-2026,70,60,9,1067,72*,20.92,857,124.5,0,4,5,86,31,2021-2026,70,53,0,1130,32,Apr-25,35.31,8.23,25.7,2,0,0,0,137.1,2,1707,-14.39
39e9f0c9,B Arora,Bhupinder Arora,T20I,2019-2024,56,51,9,826,66*,19.66,911,90.66,0,3,2,74,20,2019-2024,56,46,0,1001,29,Mar-20,34.51,8.04,25.7,0,0,0,0,124.3,0,1406,-14.85
